{
  "filename": "五年级上册英语译林版电子课本.pdf",
  "totalPages": 195,
  "totalChunks": 1,
  "chunks": [
    {
      "content": "！ ঴Јӆوٴਸ਼ધм؆ش 关注微信公众号“捷思课堂”获取更多学习资料",
      "metadata": {
        "chunkIndex": 0,
        "source": "五年级上册英语译林版电子课本.pdf",
        "contentCleaned": true,
        "originalLength": 1989,
        "cleanedLength": 34,
        "qualityScore": 3
      },
      "embedding": [
        -0.06308113038539886, 0.0028826335910707712, -0.055046290159225464,
        -0.0949796661734581, -0.06500474363565445, -0.019477983936667442,
        -0.07273209095001221, 0.027550945058465004, 0.033940549939870834,
        0.03702935948967934, 0.07552316784858704, 0.05242761969566345,
        0.10767541080713272, -0.0611945316195488, 0.020000748336315155,
        0.01063675805926323, -0.11105839908123016, 0.13250376284122467,
        -0.07038166373968124, 0.023742085322737694, -0.005842714570462704,
        -0.0707939863204956, -0.01742035150527954, -0.0025198692455887794,
        0.009633688256144524, 0.04949222877621651, -0.06162133440375328,
        0.0735044851899147, -0.014656142331659794, -0.1122799664735794,
        -0.05544944852590561, 0.046615492552518845, -0.005709914956241846,
        0.019732151180505753, -0.0004458771727513522, 0.08505862951278687,
        -0.01037187222391367, 0.04213695228099823, 0.028324918821454048,
        0.01279204711318016, -0.016311831772327423, -0.031019294634461403,
        0.017958780750632286, 0.016475211828947067, 0.004136606585234404,
        0.05361510068178177, -0.0716743990778923, 0.035287804901599884,
        -0.05169244855642319, -0.07741661369800568, -0.029141223058104515,
        -0.06935743242502213, 0.010669638402760029, 0.06977876275777817,
        -0.02632971853017807, 0.06011229753494263, -0.030478203669190407,
        0.012114157900214195, 0.057720839977264404, 0.030932387337088585,
        -0.07519181817770004, 0.06383141875267029, 0.00015145774523261935,
        0.00026856231852434576, -0.026957662776112556, -0.03698674589395523,
        -0.0030600575264543295, 0.04357733950018883, -0.012284314259886742,
        0.03368362411856651, 0.004857081454247236, 0.002982873935252428,
        -0.0468505434691906, -0.01618439331650734, -0.012124189175665379,
        0.06696528941392899, -0.032167669385671616, 0.05690344050526619,
        -0.05403212085366249, -0.10420013964176178, -0.06953199952840805,
        -0.0023890878073871136, 0.07111994922161102, 0.030608028173446655,
        -0.051241520792245865, 0.07838206738233566, -0.004315982572734356,
        -0.05075805261731148, 0.10413450747728348, -0.02609209716320038,
        0.08430097252130508, -0.003934966865926981, 0.015589267946779728,
        0.03392670676112175, -0.024500027298927307, 0.016769709065556526,
        0.08927255123853683, 0.019972236827015877, -0.015184753574430943,
        -0.0030433381907641888, 0.00600137934088707, -0.014794736169278622,
        0.003912015352398157, -0.01844855025410652, -0.020885564386844635,
        0.009295457042753696, -0.03892512619495392, 0.0209426861256361,
        0.07433363050222397, -0.02077256515622139, -0.011436508037149906,
        -0.04076587036252022, -0.031003693118691444, -0.13255354762077332,
        -0.04146234691143036, -0.014644038863480091, -0.028771409764885902,
        -0.06713532656431198, 0.05382473021745682, -0.021706407889723778,
        0.017871050164103508, 0.012702567502856255, -0.024333298206329346,
        -0.015768636018037796, -0.12476252019405365, -0.07089266180992126,
        0.019701680168509483, -2.670930529618562e-33, 0.017062848433852196,
        0.03765537962317467, -0.046897388994693756, -0.027013981714844704,
        -0.01026472169905901, 0.001404728158377111, -0.06662221997976303,
        0.05185672268271446, -0.06062127277255058, 0.000082340047811158,
        0.029327796772122383, 0.019908955320715904, -0.034250617027282715,
        0.016115061938762665, -0.05899500101804733, -0.08517788350582123,
        -0.010970080271363258, 0.01580340787768364, 0.01669752411544323,
        -0.000015226398318191059, 0.0036365746054798365, 0.04122069105505943,
        0.015807993710041046, -0.07698837667703629, 0.04121397063136101,
        0.0836668536067009, 0.06174614652991295, 0.015670085325837135,
        -0.06547608971595764, 0.016081737354397774, 0.07657165825366974,
        -0.07869291305541992, -0.05959249660372734, 0.007334535010159016,
        -0.05052478238940239, -0.05194827914237976, 0.05164199322462082,
        0.00918456632643938, 0.007503008935600519, -0.0796331986784935,
        -0.044460587203502655, -0.004837597720324993, 0.020965982228517532,
        0.034600287675857544, 0.03677998483181, -0.034944914281368256,
        -0.015355010516941547, -0.03692292794585228, 0.06476328521966934,
        -0.08825331181287766, -0.030250849202275276, 0.0338861458003521,
        -0.043383095413446426, 0.009040654636919498, 0.05979916825890541,
        -0.02061065472662449, 0.0007079321658238769, 0.05262960493564606,
        -0.043523065745830536, -0.007616748102009296, 0.032845161855220795,
        0.07378305494785309, -0.021687792614102364, 0.009994926862418652,
        0.04956120625138283, 0.059171099215745926, -0.060129564255476,
        0.013231398537755013, 0.07114685326814651, -0.10902323573827744,
        -0.0816824659705162, 0.0021939193829894066, 0.030323315411806107,
        0.016381334513425827, -0.06290099024772644, -0.03890451043844223,
        -0.09511266648769379, 0.03726065158843994, 0.02085297182202339,
        -0.09618952125310898, -0.06465599685907364, -0.02941133826971054,
        -0.10862769186496735, -0.01994582638144493, -0.06322479993104935,
        -0.0184280127286911, 0.10424412786960602, 0.020555006340146065,
        -0.03147638961672783, -0.01387056801468134, -0.05805838480591774,
        -0.029274893924593925, 0.03436257317662239, -0.03039533458650112,
        -0.002886325353756547, -3.262154413243255e-33, -0.018597641959786415,
        0.06071607396006584, -0.010448466055095196, 0.030454566702246666,
        -0.029698437079787254, 0.010406792163848877, 0.07383348792791367,
        -0.009141453541815281, -0.019790733233094215, 0.034412652254104614,
        -0.026264842599630356, 0.024407900869846344, -0.11700676381587982,
        -0.07926177233457565, -0.021428421139717102, 0.01211996003985405,
        -0.024175936356186867, 0.07243267446756363, -0.04134092479944229,
        -0.08534015715122223, -0.030620941892266273, -0.023151664063334465,
        -0.1401159018278122, 0.04172634705901146, 0.004261956550180912,
        0.06819862872362137, 0.0605546198785305, 0.002389833563938737,
        0.09117824584245682, 0.08540242165327072, 0.004739288706332445,
        0.005768383853137493, -0.019181039184331894, 0.10025084018707275,
        -0.02735312096774578, -0.08484558016061783, 0.02574728988111019,
        0.08530422300100327, -0.017555350437760353, -0.07060130685567856,
        0.07339610159397125, -0.011736414395272732, 0.02717657759785652,
        -0.03144483640789986, -0.02560780569911003, 0.03792291879653931,
        -0.034089017659425735, -0.009578551165759563, -0.06290053576231003,
        0.022138167172670364, 0.003368274075910449, -0.05371474847197533,
        -0.02895854227244854, -0.07836735993623734, 0.014442846179008484,
        -0.05090958997607231, 0.0045426697470247746, 0.023540034890174866,
        -0.049790773540735245, -0.0742582380771637, 0.022386789321899414,
        -0.03401850163936615, 0.08115026354789734, 0.037459131330251694,
        0.016249602660536766, 0.06781890988349915, 0.02890770509839058,
        -0.0653064176440239, 0.01458925660699606, -0.08763353526592255,
        -0.03510772064328194, 0.010784722864627838, 0.004490523133426905,
        -0.0950581505894661, 0.07842408865690231, 0.030617646872997284,
        -0.024740396067500114, 0.0020603023003786802, -0.06271851062774658,
        -0.0019845387432724237, -0.03541731461882591, 0.016989601776003838,
