{
  "filename": "三年级下册音乐人音版（简谱）电子课本.pdf",
  "totalPages": 73,
  "totalChunks": 1,
  "chunks": [
    {
      "content": "绿色印刷 保护环境 爱护健康 亲爱的同学们： 您手中的这本教科书采用绿色印刷标准印 制 ，在 它 的 封 底 印 有“ 绿 色 印 刷 产 品 ”标 志 。从 2 0 1 3 年 秋 季 学 期 起 ，北 京 地 区 出 版 并 使 用 的 义 务教育阶段中小学教科书全部采用绿色印刷。 按照国家有关标准（HJ2503-2011)，绿色 印 刷 选 用 环 保 型 纸 张 、油 墨 、胶 水 等 原 辅 材 料 ， 生 产 过 程 注 重 节 能 减 排 ，印 刷 产 品 符 合 人 体 健 康要求。 让我们携起手来，支持绿色印刷，选择绿 色印刷产品，共同关爱环境，一起健康成长！ 北京市绿色印刷工程 义务教育教科书 ( 简谱 ) 三年级·下册 义务教育教科书 音 乐 （简 谱） 三年级·下册 787×1092 毫米 16 开 4 印张 2015 年 1月第 1 版 2015 年 1月第 1 次印刷 ISBN 978-7-103-04252-6 定价：8.70 元 审批号：发改价格【2012】1658号 全国价格举报电话：12358 如发现印装质量问题请与人民音乐出版社联系 电话：010-58110572 人民音乐出版社出版发行 印刷 绿色印刷 保护环境 爱护健康 亲爱的同学： 你手中的这本教科书采用绿色印刷方式印 制，在它的封底印有“绿色印刷产品”标志。 从 2013 年秋季学期起，北京地区出版并使用的 义务教育阶段中小学教科书全部采用绿色印刷。 按照国家环境标准（HJ2503-2011) 《环 境标志产品技术要求 印刷 第一部分：平版印 刷》，绿色印刷选用环保型纸张、油墨、胶水 等原辅材料，生产过程注重节能减排，印刷产 品符合人体健康要求。 让我们携起手来，支持绿色印刷，选择绿 色印刷产品，共同关爱环境，一起健康成长！ 北京市绿色印刷工程 义务教育教科书 音 乐 （简 谱） 三年级·下册 787×1092 毫米 16 开 4 印张 2015 年 1月北京第 1 版 2017 年 1 月北京第 4 次印刷 ISBN 978-7-103-04252-6 定价：8.65 元 价格依据文件号：京发改规［2016］13 号 全国价格举报电话：12358 如发现印装质量问题请与人民音乐出版社联系 电话：010-58110572 人民音乐出版社出版发行 北京美通印刷有限公司印刷 罗晓航词 夏晓红曲 中速 柳树 姑 娘 18 1. 2. 用加顿音记号和不加顿音记号的方式演唱歌曲中的 “啦啦啦”，体会效果的不同。 用不同的力度变化来演唱歌曲最后两句，体会效果的 不同。 19 ာ\u0001\u0001\u0001\u0001ጞ ހ\u0001\u0001\u0001\u0001Տ ာ\u0001\u0001\u0001\u0001ጞ ހ\u0001\u0001\u0001\u0001Տ ာ\u0001\u0001\u0001\u0001ጞ ހ\u0001\u0001\u0001\u0001Տ",
      "metadata": {
        "chunkIndex": 0,
        "source": "三年级下册音乐人音版（简谱）电子课本.pdf",
        "contentCleaned": false,
        "originalLength": 1139,
        "cleanedLength": 1139,
        "qualityScore": 3
      },
      "embedding": [
        -0.03507233411073685, 0.03491755202412605, -0.0242671649903059,
        -0.06925103068351746, -0.061649296432733536, -0.007071571424603462,
        -0.07237587124109268, 0.01924469880759716, -0.025563791394233704,
        -0.0058630164712667465, 0.14509862661361694, -0.025949763134121895,
        0.03792441636323929, 0.01114401314407587, -0.05489614978432655,
        -0.012197013944387436, -0.10648836940526962, 0.03714251518249512,
        -0.03312009945511818, 0.014685996808111668, -0.008777417242527008,
        -0.07627806067466736, 0.025125652551651, -0.051793958991765976,
        0.03135271742939949, 0.07166913151741028, -0.027696382254362106,
        0.06835594028234482, 0.0057250685058534145, -0.04259628802537918,
        -0.06468372046947479, 0.10106755048036575, 0.026248307898640633,
        -0.0409868024289608, 0.09834655374288559, 0.025324445217847824,
        -0.006437227129936218, 0.009091857820749283, -0.008505972102284431,
        0.03417249023914337, -0.02496272884309292, 0.02436971291899681,
        0.02922973781824112, -0.03379766270518303, -0.014520957134664059,
        0.030897608026862144, -0.015574313700199127, -0.020210515707731247,
        -0.11022410541772842, -0.03586588054895401, 0.005557721480727196,
        0.0007595156203024089, 0.009867323562502861, 0.044764842838048935,
        -0.011855710297822952, -0.02478914149105549, -0.054162438958883286,
        0.0025623617693781853, 0.01457258127629757, -0.0010966021800413728,
        -0.036836422979831696, 0.08671937137842178, -0.023163562640547752,
        -0.03476596251130104, -0.06454585492610931, -0.013478445820510387,
        -0.003873606212437153, -0.013191364705562592, -0.023779775947332382,
        -0.03149234503507614, -0.007299086544662714, -0.037081800401210785,
        -0.016069086268544197, -0.03207997977733612, -0.029365817084908485,
        0.020643185824155807, -0.021906506270170212, 0.01411516685038805,
        -0.05368104577064514, -0.1565663367509842, -0.04799249395728111,
        -0.007934953086078167, 0.0552993007004261, -0.06392503529787064,
        -0.08262274414300919, 0.059127599000930786, -0.014461531303822994,
        -0.07617910951375961, 0.10849808901548386, -0.01714113913476467,
        0.06535422056913376, 0.026185866445302963, -0.007702046073973179,
        0.00827321968972683, 0.0274895578622818, 0.008948646485805511,
        0.06699328869581223, 0.09539318829774857, 0.03503181412816048,
        0.010001106187701225, 0.05753477290272713, -0.07782617956399918,
        -0.048965923488140106, -0.02996952272951603, -0.027603978291153908,
        -0.06822677701711655, -0.026862263679504395, 0.012457640841603279,
        0.05482347682118416, -0.03526603803038597, -0.040658701211214066,
        -0.03465775400400162, -0.03403979539871216, -0.052545759826898575,
        -0.03231281042098999, 0.014712240546941757, -0.017881501466035843,
        -0.08685258030891418, 0.027850426733493805, 0.02810232900083065,
        0.051891133189201355, -0.013203896582126617, -0.06308206915855408,
        0.001164260203950107, -0.1232653334736824, 0.015069862827658653,
        -0.00017993593064602464, 2.2521992380465084e-33, -0.02234533056616783,
        0.02928803861141205, -0.01757795922458172, -0.04854407161474228,
        0.0068328725174069405, -0.06865008175373077, -0.003705670591443777,
        -0.03243057429790497, 0.005746809300035238, -0.025299007073044777,
        -0.021227166056632996, 0.03386297821998596, -0.13224920630455017,
        -0.04122752323746681, -0.03679753467440605, -0.04737460985779762,
        -0.039416030049324036, -0.04223160818219185, 0.017428500577807426,
        -0.05248373746871948, 0.028119273483753204, -0.01802903041243553,
        0.02969106286764145, -0.05290605500340462, 0.03718777745962143,
        0.009428163059055805, 0.021362226456403732, -0.037948381155729294,
        -0.0621781051158905, 0.030282210558652878, 0.08586424589157104,
        -0.013148598372936249, -0.052966028451919556, -0.03921414911746979,
        -0.07861684262752533, -0.01159636303782463, 0.053823746740818024,
        -0.005498803686350584, -0.011717626824975014, -0.011456000618636608,
        -0.02440682053565979, 0.010835375636816025, 0.040147580206394196,
        0.07815557718276978, 0.09602486342191696, -0.04196605831384659,
        -0.016421610489487648, 0.0033798778895288706, 0.08186346292495728,
        -0.07837837189435959, -0.09295973926782608, 0.01993558369576931,
        -0.019073093309998512, -0.02737845480442047, -0.008725986815989017,
        -0.049659594893455505, -0.02658938616514206, 0.02912488952279091,
        -0.0681174024939537, 0.011822189204394817, 0.0008845895645208657,
        0.035844575613737106, 0.001623759395442903, -0.0006678581703454256,
        0.11965890228748322, 0.06774228066205978, -0.028578784316778183,
        0.001663487870246172, -0.0058381096459925175, -0.1027374118566513,
        -0.11159208416938782, -0.04214213788509369, 0.13876819610595703,
        0.023274824023246765, 0.0212959386408329, -0.05586353316903114,
        -0.04813077673316002, 0.06796535104513168, 0.026965297758579254,
        -0.0905652716755867, -0.08958590030670166, -0.01973629556596279,
        -0.09003449976444244, 0.002361308317631483, -0.07216720283031464,
        0.00003887459388351999, 0.10996321588754654, 0.05964084342122078,
        0.009841736406087875, -0.01690877228975296, -0.04485463723540306,
        -0.006978961173444986, -0.015791676938533783, 0.004624868277460337,
        0.020796652883291245, -9.1367193902303e-33, -0.009727202355861664,
        0.02041057124733925, -0.03524893894791603, 0.004928991198539734,
        0.023172857239842415, -0.025710176676511765, 0.03475401923060417,
        0.06450057774782181, 0.022280573844909668, 0.0030990734230726957,
        0.023662418127059937, 0.004802708979696035, -0.037853363901376724,
        -0.0018785925349220634, -0.03457368165254593, 0.017359022051095963,
        -0.0059244451113045216, 0.10262832790613174, -0.042283039540052414,
        -0.03720114007592201, -0.026983637362718582, -0.018484581261873245,
        -0.12462259829044342, 0.002781771356239915, -0.009238393977284431,
        0.07008111476898193, 0.022222958505153656, -0.07112471759319305,
        -0.0039306022226810455, 0.10213714838027954, -0.02636932209134102,
