{
  "filename": "六年级下册英语川教版电子课本.pdf",
  "totalPages": 89,
  "totalChunks": 1,
  "chunks": [
    {
      "content": "主编 副主编 本册编写 音乐指导 绘图 责任编辑 责任校对 封面设计 杨晓钰 付春敏 杨晓钰 罗义蕴 李汴川 成都蓝鹦鹉文化传播有限公司 朱 娜 袁 月 胡 佳 李汴川 义务教育教科书 英语 （三年级起点） 六年级下册 四川教育出版社 出版 （成都市槐树街2号 邮政编码 610031） 新华文轩出版传媒股份有限公司发行 成都勤慧彩色制版印务有限公司 成品规格 184mm×260mm 印张 5.5 2019年12月第4版 2019年12月第1次印刷 印数 册 ISBN 978-7-5408-6436-1 定价： 5.25 元 如有内容方面的疑问，请与四川教育出版社总编室联系。电话：（028）86259381 著作权所有·请勿擅用本书编制各类出版物·违者必究 如发现印装质量问题，请与本社联系调换。电话：（028）86259359 编辑部电话：（028）86259381 邮购电话：（028）86259694 教材意见建议接收电话：（028）86259695 教材意见建议接收邮箱：englishthisway@sina.com 通讯地址：四川成都双流西航港黄荆路13号 四川教育出版社 致小学者 这套书是专门为你服务的，不论你从哪一个年级 开始学习，它都能为你打开学好英语的大门。进门之后 你便可以一层层走上楼顶，检阅21世纪人类的科学成就 和利用丰富的信息，那样你就可能成为21世纪杰出的学 者。 为什么这套书有这么大的力量呢？因为它不是板着 面孔要你学，而是引导你唱英语歌和做游戏，让你在娱 乐中学会说英语和识记单词，还帮助你学好英语发音。 英语发音是学英语的难点，有的人学了五六年还不会拼 读生词。你学完这套书以后，就能学会自己拼读生词， 那时你不用问老师也可以自己学英语了。而且这套书每 一册的内容不多，但教你说的话可以变来变去，帮助你 在许多场合和外国友人说英语。 但是，这套书却不要求你去死记大量的单词和硬读 许多课文。在一个学期里，你只要唱好一些英语歌，读 好、认熟一定量的单词，在游戏中听听说说、读读写写 就能达到要求。这种做法就是古人说的“滴水穿石”。 一滴一滴的屋檐水可以把石头滴穿，而一桶一桶的水泼 到石头上却只能把石头冲洗干净。 这样说来，是不是有了这套书就可以不用心学习英 语了呢？也不是。你必须抓住机会去听英语、说英语， 尤其要唱好书中的英语歌，发准歌词的读音，平时多在 别人面前唱唱哼哼。人们会夸赞：“你真是一位小学 者，既会学又博学，还会唱那么多英语歌！”",
      "metadata": {
        "chunkIndex": 0,
        "source": "六年级下册英语川教版电子课本.pdf",
        "contentCleaned": false,
        "originalLength": 1047,
        "cleanedLength": 1047,
        "qualityScore": 3
      },
      "embedding": [
        -0.054075948894023895, 0.020893966779112816, -0.045635148882865906,
        -0.08619420230388641, -0.07309016585350037, -0.025038443505764008,
        -0.10522428154945374, 0.01842716708779335, 0.03218202292919159,
        -0.004377664532512426, 0.11728371679782867, 0.012877875007689,
        0.07758726179599762, 0.018086835741996765, -0.05125270038843155,
        0.00060723174829036, -0.10796032845973969, 0.018272073939442635,
        -0.01690835878252983, -0.017034217715263367, 0.0016185607528313994,
        -0.062482621520757675, -0.025578845292329788, -0.07666343450546265,
        -0.004206225275993347, 0.018722815439105034, -0.03561224788427353,
        0.09123551845550537, -0.012751619331538677, -0.09992216527462006,
        -0.04350709170103073, 0.10089419782161713, -0.03309658542275429,
        0.027428967878222466, 0.04003117233514786, 0.020267078652977943,
        -0.005860499106347561, 0.005743233487010002, 0.015536888502538204,
        0.07851841300725937, 0.017121555283665657, 0.027806146070361137,
        0.047390636056661606, -0.011021262034773827, -0.0004970655427314341,
        0.026859506964683533, -0.014196277596056461, 0.0013704824959859252,
        -0.07677359133958817, -0.07911832630634308, 0.0029257077258080244,
        -0.021655727177858353, -0.0026007581036537886, 0.06219278648495674,
        -0.008600759319961071, -0.007744351401925087, -0.014481207355856895,
        -0.0290860366076231, 0.03794623166322708, 0.029073651880025864,
        -0.010120932944118977, 0.0989331528544426, -0.016723351553082466,
        -0.06681118905544281, -0.05139036849141121, -0.026165224611759186,
        -0.016300877556204796, -0.05175470560789108, -0.08708887547254562,
        -0.023374535143375397, 0.005920283496379852, -0.04763990268111229,
        -0.04210645705461502, -0.017966952174901962, -0.010718855075538158,
        0.04351755976676941, -0.002606768859550357, 0.01853189431130886,
        -0.05361572280526161, -0.16696186363697052, -0.05365150049328804,
        0.026741843670606613, 0.007981479167938232, -0.048832207918167114,
        -0.058347027748823166, 0.03629833087325096, -0.03549883887171745,
        -0.062226735055446625, 0.1139649972319603, -0.04028613865375519,
        0.0866379514336586, 0.01129847764968872, -0.03488212078809738,
        0.02190661057829857, 0.02840374782681465, 0.009738978929817677,
        0.06327616423368454, 0.06309179216623306, -0.016346130520105362,
        -0.03249005600810051, 0.02796885557472706, -0.10414455831050873,
        -0.051208775490522385, -0.013989867642521858, -0.048396021127700806,
        0.0048746149986982346, -0.002374248346313834, 0.00606439309194684,
        0.036014821380376816, -0.0542747862637043, -0.030169405043125153,
        -0.012423880398273468, -0.07291664183139801, -0.06376980990171432,
        -0.00250799348577857, 0.004394302610307932, -0.04599126800894737,
        -0.04518051818013191, -0.05329897999763489, 0.021814053878188133,
        0.025382298976182938, -0.014600683003664017, -0.04158160462975502,
        -0.0072718155570328236, -0.1372276246547699, -0.028304051607847214,
        0.022474700585007668, 1.81974129486372e-33, -0.02286173775792122,
        0.06400801241397858, -0.0685582235455513, -0.07511868327856064,
        0.024637706577777863, -0.019907796755433083, 0.01827418804168701,
        0.005433912388980389, 0.04909820109605789, 0.014467752538621426,
        -0.062360603362321854, 0.07785318791866302, -0.11068656295537949,
        0.006212146021425724, -0.02095985598862171, -0.03524162247776985,
        0.0053431191481649876, -0.007109112571924925, -0.016824526712298393,
        -0.0580269992351532, 0.02855275198817253, 0.00011076356167905033,
        0.0022386647760868073, -0.03783879056572914, 0.07023584097623825,
        0.0028287814930081367, 0.0059100124053657055, -0.01602671667933464,
        -0.06571995466947556, 0.019031384959816933, 0.08171885460615158,
        -0.033917706459760666, -0.019109807908535004, -0.04511807858943939,
        -0.06927767395973206, -0.027250686660408974, 0.04605745151638985,
        0.012889445759356022, 0.00930621474981308, -0.007100379094481468,
        0.008542051538825035, 0.029801728203892708, 0.05109110474586487,
        0.05479750409722328, 0.06817854195833206, -0.013563374057412148,
        0.013886268250644207, -0.015624286606907845, 0.06414949148893356,
        -0.09340357035398483, -0.1026315912604332, 0.023151513189077377,
        0.015866441652178764, -0.007019366137683392, 0.030375909060239792,
        -0.005213188007473946, 0.011964106000959873, 0.030699830502271652,
        -0.04052646458148956, 0.003048534272238612, -0.012821509502828121,
        0.020031319931149483, -0.019979266449809074, -0.003325374098494649,
        0.06923580169677734, 0.03360545262694359, 0.020801614969968796,
        0.021823856979608536, 0.04191587492823601, -0.05968359857797623,
        -0.08121760934591293, -0.009413884952664375, 0.10080486536026001,
        0.0207822285592556, 0.014742789790034294, -0.060462553054094315,
        -0.0693243145942688, 0.08076494932174683, 0.03031199984252453,
        -0.0866139754652977, -0.14232981204986572, 0.0367046557366848,
        -0.07019711285829544, -0.05445003882050514, -0.05472390726208687,
        0.056945063173770905, 0.1290826052427292, 0.03487369418144226,
        0.006063590757548809, -0.01099567860364914, -0.07398027926683426,
        -0.0025358444545418024, -0.008704652078449726, 0.022052064538002014,
        0.03905994072556496, -7.693797135860065e-33, -0.03867284581065178,
        0.026586078107357025, -0.018949832767248154, 0.021164363250136375,
        0.011830808594822884, -0.04160254821181297, 0.0922054722905159,
        0.06999345868825912, -0.026475919410586357, -0.006400476675480604,
        0.015053018927574158, 0.02657879889011383, -0.08180192857980728,
        -0.044284455478191376, 0.016714520752429962, -0.00871831551194191,
        -0.05053582042455673, 0.07538784295320511, -0.0607726126909256,
        -0.04379331320524216, -0.01414445135742426, -0.017554782330989838,
        -0.10453386604785919, -0.02204706519842148, 0.05470350384712219,
        0.058525681495666504, -0.0038582156412303448, -0.0726284310221672,
        0.012857381254434586, 0.09740490466356277, -0.04834464564919472,
        0.01076209545135498, -0.015712205320596695, 0.13762857019901276,
        -0.05681377649307251, -0.08722022920846939, 0.010782306082546711,
        0.007860751822590828, -0.026228513568639755, 0.021209074184298515,
        0.07021427154541016, -0.0024119094014167786, 0.09034046530723572,
