{
  "filename": "二年级下册音乐人音版（简谱）电子课本.pdf",
  "totalPages": 73,
  "totalChunks": 1,
  "chunks": [
    {
      "content": "义务教育教科书 音 乐 （简 谱） 二年级·下册 人民音乐出版社出版发行 北京美通印刷有限公司印刷 787×1092 毫米 16 开 4 印张 2013 年 5 月第 1 版 2013 年 5 月第 1 次印刷 ISBN 978-7-103-04260-1 定价：8.70 元 审批号：发改价格【2012】1658 号 全国价格举报电话：12358 如发现印装质量问题请与人民音乐出版社联系 电话：010-58110572 义务教育教科书 ( 简谱 ) 二年级·下册 义务教育教科书 音 乐 （简 谱） 二年级·下册 787×1092 毫米 16 开 4 印张 2014 年 1 月北京第 1 版 2017 年 1 月北京第 6 次印刷 ISBN 978-7-103-04254-0 定价：8.65 元 价格依据文件号：京发改规［2016］13 号 全国价格举报电话：12358 如发现印装质量问题请与人民音乐出版社联系 电话：010-58110572 人民音乐出版社出版发行 北京美通印刷有限公司印刷 绿色印刷 保护环境 爱护健康 亲爱的同学： 你手中的这本教科书采用绿色印刷方式印 制，在它的封底印有“绿色印刷产品”标志。 从 2013 年秋季学期起，北京地区出版并使用的 义务教育阶段中小学教科书全部采用绿色印刷。 按照国家环境标准（HJ2503-2011) 《环 境标志产品技术要求 印刷 第一部分：平版印 刷》，绿色印刷选用环保型纸张、油墨、胶水 等原辅材料，生产过程注重节能减排，印刷产 品符合人体健康要求。 让我们携起手来，支持绿色印刷，选择绿 色印刷产品，共同关爱环境，一起健康成长！ 北京市绿色印刷工程 ာ\u0001\u0001\u0001\u0001ጞ ހ\u0001\u0001\u0001\u0001Տ ာ\u0001\u0001\u0001\u0001ጞ ހ\u0001\u0001\u0001\u0001Տ ာ\u0001\u0001\u0001\u0001ጞ ހ\u0001\u0001\u0001\u0001Տ",
      "metadata": {
        "chunkIndex": 0,
        "source": "二年级下册音乐人音版（简谱）电子课本.pdf",
        "contentCleaned": false,
        "originalLength": 752,
        "cleanedLength": 752,
        "qualityScore": 3
      },
      "embedding": [
        -0.03547019138932228, 0.021746467798948288, -0.04781145229935646,
        -0.10242300480604172, -0.08060825616121292, -0.004587880801409483,
        -0.09960098564624786, 0.015369941480457783, -0.00026088551385328174,
        0.003218882018700242, 0.13454224169254303, 0.02522841840982437,
        0.05674177408218384, -0.0098229069262743, -0.061376605182886124,
        -0.03564769774675369, -0.0984015166759491, 0.08275535702705383,
        -0.0024217802565544844, 0.023726876825094223, -0.00042995932744815946,
        -0.051852986216545105, -0.029677648097276688, -0.05837881565093994,
        0.0286583062261343, 0.0618458054959774, -0.034718580543994904,
        0.0770905390381813, -0.029825424775481224, -0.03756503015756607,
        -0.093797467648983, 0.11096988618373871, 0.00691618025302887,
        0.01101249922066927, 0.09904573857784271, 0.008501126430928707,
        0.0039567481726408005, 0.0076342481188476086, 0.03886149078607559,
        0.03119364008307457, -0.0017188598867505789, -0.025480087846517563,
        0.04801711440086365, -0.024133317172527313, -0.047522369772195816,
        0.052842095494270325, -0.019062554463744164, 0.0006586556555703282,
        -0.09931813180446625, -0.020274845883250237, 0.021797599270939827,
        0.019732166081666946, 0.0049264077097177505, 0.069271020591259,
        -0.012482777237892151, -0.005512116942554712, -0.07638523727655411,
        -0.02498750388622284, -0.005291075445711613, 0.015654483810067177,
        -0.05603531748056412, 0.08107561618089676, -0.01280440017580986,
        -0.02499995566904545, -0.06432364135980606, -0.027903029695153236,
        0.017303941771388054, -0.034264519810676575, -0.07851813733577728,
        -0.04586336761713028, -0.019422853365540504, -0.04480818286538124,
        -0.04073205217719078, 0.0007655901135876775, -0.034574490040540695,
        0.029205435886979103, 0.0028420169837772846, 0.019208088517189026,
        -0.042816586792469025, -0.19816574454307556, -0.058106377720832825,
        0.011564395390450954, 0.04228522256016731, -0.06427422165870667,
        -0.0978173017501831, 0.02942601591348648, -0.003716864390298724,
        -0.06047111004590988, 0.13424354791641235, -0.027868790552020073,
        0.08043528348207474, 0.004842874128371477, -0.0028780498541891575,
        0.012169686146080494, 0.017983464524149895, 0.01060457807034254,
        0.046143222600221634, 0.1195836067199707, 0.020137831568717957,
        -0.012387036345899105, 0.05282305181026459, -0.09044370800256729,
        -0.031053032726049423, -0.01646937057375908, -0.05192658677697182,
        -0.034202124923467636, -0.01923183724284172, 0.009689734317362309,
        0.029734745621681213, -0.061960987746715546, -0.04549545794725418,
        -0.011676345951855183, -0.025843361392617226, -0.0687834694981575,
        -0.03859015926718712, 0.011539834551513195, 0.011746129021048546,
        -0.0853525847196579, 0.004851251840591431, 0.03895191103219986,
        0.04834383353590965, -0.03145815059542656, -0.06149640679359436,
        -0.004288335796445608, -0.14843861758708954, 0.016674663871526718,
        0.021987000480294228, 1.4425857691123121e-33, -0.07197342813014984,
        0.034072309732437134, -0.01282968558371067, -0.05629068240523338,
        0.020294157788157463, -0.028834106400609016, 0.022481895983219147,
        -0.012756455689668655, 0.03159515932202339, 0.0030782995745539665,
        -0.006532909814268351, 0.05152611434459686, -0.11414982378482819,
        -0.04917112737894058, -0.045308563858270645, -0.007211827207356691,
        -0.00829478818923235, -0.034147001802921295, 0.025541609153151512,
        -0.04106462001800537, 0.02228071168065071, -0.002226922893896699,
        0.021786581724882126, -0.014525414444506168, 0.03145131468772888,
        0.033670105040073395, 0.018587006255984306, -0.01089045125991106,
        -0.042909443378448486, 0.032301414757966995, 0.08625739067792892,
        -0.025191543623805046, -0.0244386475533247, -0.04747270047664642,
        -0.07389604300260544, -0.02081754431128502, 0.07096992433071136,
        -0.026610078290104866, 0.02124270796775818, -0.041684284806251526,
        -0.03908788412809372, 0.03293658420443535, 0.06064584106206894,
        0.05595087260007858, 0.06731028109788895, 0.0045995390973985195,
        0.005707530304789543, 0.014156845398247242, 0.0811108648777008,
        -0.06553851813077927, -0.07566707581281662, -0.0038588407915085554,
        -0.009905795566737652, -0.020886028185486794, -0.00586004089564085,
        -0.044147390872240067, -0.0495699904859066, 0.04022559896111488,
        -0.04795582965016365, 0.0037564325612038374, -0.006015599239617586,
        0.04161371663212776, 0.014413250610232353, 0.026883961632847786,
        0.08047938346862793, 0.06112407147884369, -0.0017180528957396746,
        0.02599024400115013, -0.0020841150544583797, -0.05804797634482384,
        -0.07064396142959595, -0.02404356747865677, 0.1122877299785614,
        0.0342576801776886, 0.03821805119514465, -0.03282957896590233,
        -0.027464918792247772, 0.06103572994470596, 0.03379193693399429,
        -0.11620715260505676, -0.09227362275123596, -0.003897974267601967,
        -0.0923941433429718, -0.01500703301280737, -0.05876918137073517,
        0.031103583052754402, 0.11796543747186661, 0.0492800697684288,
        0.0322917141020298, -0.04480911046266556, -0.03859609365463257,
        -0.0073350947350263596, -0.03531103581190109, 0.02502552792429924,
        0.025115258991718292, -7.21946679820404e-33, -0.03371381387114525,
        0.00932982750236988, -0.011224890127778053, 0.027319926768541336,
        -0.01049781870096922, -0.02936100773513317, 0.07220872491598129,
        0.05284664034843445, 0.030631039291620255, -0.004019514191895723,
        0.02723337709903717, 0.012723459862172604, -0.06932371109724045,
        -0.022546663880348206, -0.03179126977920532, 0.007015873212367296,
        -0.03437316045165062, 0.09631418436765671, -0.05852724611759186,
        -0.015371544286608696, -0.029739374294877052, -0.005031156353652477,
        -0.14127692580223083, 0.04560396075248718, 0.017837561666965485,
        0.06286566704511642, -0.02567756175994873, -0.07602784037590027,
        0.0027917746920138597, 0.09600706398487091, -0.032814446836709976,
        0.0017410829896107316, -0.02548437938094139, 0.13652414083480835,
        -0.07711897045373917, -0.1453559696674347, 0.011165961623191833,
        0.006952874828130007, -0.025669962167739868, 0.003197693033143878,
        0.003493931610137224, -0.056817080825567245, 0.10691891610622406,
        0.012522907927632332, -0.020477063953876495, -0.04645634815096855,
        0.02185908704996109, -0.04778508096933365, 0.007763129658997059,
