{
  "filename": "五年级下册英语川教版电子课本.pdf",
  "totalPages": 89,
  "totalChunks": 1,
  "chunks": [
    {
      "content": "主编 副主编 本册编写 音乐指导 绘图 责任编辑 责任校对 封面设计 杨晓钰 付春敏 杨晓钰 罗义蕴 李汴川 成都蓝鹦鹉文化传播有限公司 朱 娜 袁 月 胡 佳 李汴川 义务教育教科书 英语 （三年级起点） 五年级下册 四川教育出版社 出版 （成都市槐树街2号 邮政编码 610031） 新华文轩出版传媒股份有限公司发行 成都勤慧彩色制版印务有限公司 成品规格 184mm×260mm 印张 5.5 2019年12月第4版 2019年12月第1次印刷 印数 册 ISBN 978-7-5408-6490-3 定价：5.25元 如有内容方面的疑问，请与四川教育出版社总编室联系。电话：（028）86259381 著作权所有·请勿擅用本书编制各类出版物·违者必究 如发现印装质量问题，请与本社联系调换。电话：（028）86259359 编辑部电话：（028）86259381 邮购电话：（028）86259694 教材意见建议接收电话：（028）86259695 教材意见建议接收邮箱：englishthisway@sina.com 通讯地址：四川成都双流西航港黄荆路13号 四川教育出版社 致小学者 这套书是专门为你服务的，不论你从哪一个年级 开始学习，它都能为你打开学好英语的大门。进门之后 你便可以一层层走上楼顶，检阅21世纪人类的科学成就 和利用丰富的信息，那样你就可能成为新世纪杰出的学 者。 为什么这套书有这么大的力量呢？因为它不是板着 面孔要你学，而是引导你唱英语歌和做游戏，让你在唱 歌游戏中学会说英语和识记单词，还帮助你学好英语发 音。英语发音是学英语的难点，有的人学了五六年还不 会拼读生词。你学完这套书以后，就能学会自己拼读生 词，那时你不用问老师也可以自己学英语了。而且这套 书每一册的内容都不多，但教你说的话可以变来变去， 帮助你在许多场合和“老外”说英语。 但是，这套书却不要求你去死记大量的单词和硬读 许多课文。在一个学期里，你只要唱好一些英语歌，读 好、认熟一定量的单词，在游戏中听听说说、读读写写 就能达到要求。这种做法就是古人说的“滴水穿石”。 一滴一滴的屋檐水可以把石头滴穿，而一桶一桶的水泼 到石头上却只能把石头冲洗干净。 这样说来，是不是有了这套书就可以不用心学习英 语了呢？也不是。你必须抓住机会去听英语、说英语， 尤其要唱好书中的英语歌，发准歌词的读音，平时多在 别人面前唱唱哼哼。人们会夸赞说：“你真是一位小学 者，既会学又博学，还会唱那么多英语歌！”",
      "metadata": {
        "chunkIndex": 0,
        "source": "五年级下册英语川教版电子课本.pdf",
        "contentCleaned": false,
        "originalLength": 1048,
        "cleanedLength": 1048,
        "qualityScore": 3
      },
      "embedding": [
        -0.05506389960646629, 0.02202047035098076, -0.04587504267692566,
        -0.08740422129631042, -0.07094486057758331, -0.02390061691403389,
        -0.10598796606063843, 0.016876935958862305, 0.03354817256331444,
        -0.00432986905798316, 0.11840672045946121, 0.01113054994493723,
        0.07621198147535324, 0.01761678420007229, -0.050518836826086044,
        0.0024797439109534025, -0.10876448452472687, 0.020456437021493912,
        -0.016414999961853027, -0.016548626124858856, 0.002137039555236697,
        -0.06387826800346375, -0.02386731468141079, -0.07473113387823105,
        -0.0062066479586064816, 0.020672094076871872, -0.03585635870695114,
        0.09220040589570999, -0.013953465968370438, -0.09897125512361526,
        -0.044529080390930176, 0.10246852785348892, -0.03348921611905098,
        0.026698466390371323, 0.03855661302804947, 0.02107105776667595,
        -0.005171843804419041, 0.004666301887482405, 0.014292391948401928,
        0.07971077412366867, 0.015449484810233116, 0.028191864490509033,
        0.045581549406051636, -0.011695102788507938, -0.0012581110931932926,
        0.027233276516199112, -0.013494443148374557, -0.0004000141634605825,
        -0.07795560359954834, -0.07964319735765457, 0.004483105149120092,
        -0.02154698595404625, -0.0016545314574614167, 0.06314827501773834,
        -0.006693955045193434, -0.009044506587088108, -0.014400100335478783,
        -0.026958944275975227, 0.03717589005827904, 0.028621554374694824,
        -0.010911960154771805, 0.10126790404319763, -0.017462672665715218,
        -0.06698904931545258, -0.05091414228081703, -0.02605273947119713,
        -0.014948183670639992, -0.05179283767938614, -0.08636416494846344,
        -0.025624120607972145, 0.007732872851192951, -0.04960579425096512,
        -0.04078909382224083, -0.02014835923910141, -0.011182829737663269,
        0.043994732201099396, -0.001888735219836235, 0.019366448745131493,
        -0.05614960938692093, -0.165704607963562, -0.05253710597753525,
        0.02707080915570259, 0.009708929806947708, -0.048791881650686264,
        -0.05954957380890846, 0.03696063533425331, -0.03843289241194725,
        -0.06364917010068893, 0.11318324506282806, -0.04140300676226616,
        0.08593279123306274, 0.010544739663600922, -0.0336286723613739,
        0.023707062005996704, 0.028651563450694084, 0.009555436670780182,
        0.061931852251291275, 0.06195587292313576, -0.015506853349506855,
        -0.032399121671915054, 0.028329700231552124, -0.10373838990926743,
        -0.05160149559378624, -0.017079465091228485, -0.04699774831533432,
        0.0038748146034777164, -0.003094898536801338, 0.007088536862283945,
        0.035192377865314484, -0.053538184612989426, -0.02860155701637268,
        -0.01397017389535904, -0.07303948700428009, -0.06310562789440155,
        -0.0023879592772573233, 0.004898085258901119, -0.044244445860385895,
        -0.044910136610269547, -0.05151667073369026, 0.019917691126465797,
        0.027266686782240868, -0.01644778810441494, -0.04262366145849228,
        -0.010348238050937653, -0.13752533495426178, -0.02749689854681492,
        0.0227741040289402, 1.7559613591110027e-33, -0.020464790984988213,
        0.06385952979326248, -0.06822207570075989, -0.07419146597385406,
        0.02236764505505562, -0.021293887868523598, 0.020275160670280457,
        0.0057558356784284115, 0.046308886259794235, 0.010683445259928703,
        -0.06198172643780708, 0.08001373708248138, -0.10918428748846054,
        0.00607687421143055, -0.022176356986165047, -0.03642384335398674,
        0.003340762108564377, -0.00966673158109188, -0.015899524092674255,
        -0.05731721967458725, 0.030796723440289497, 0.0005233724368736148,
        0.0018739334773272276, -0.03646514564752579, 0.07040240615606308,
        0.004469754174351692, 0.0069578299298882484, -0.01757911965250969,
        -0.06455516815185547, 0.01911936141550541, 0.08338958024978638,
        -0.03386114537715912, -0.01740453764796257, -0.047839999198913574,
        -0.0697115808725357, -0.02582673542201519, 0.046835821121931076,
        0.015367054380476475, 0.007602697238326073, -0.004742410033941269,
        0.008946309797465801, 0.026384273543953896, 0.048727329820394516,
        0.05727773532271385, 0.07061797380447388, -0.012461825273931026,
        0.013042091391980648, -0.014270125888288021, 0.06601136177778244,
        -0.09403098374605179, -0.10324922204017639, 0.020736461505293846,
        0.014641251415014267, -0.006424575112760067, 0.02913910523056984,
        -0.006645402405411005, 0.011076075956225395, 0.030044671148061752,
        -0.04142346233129501, 0.00146948650944978, -0.013112603686749935,
        0.019240815192461014, -0.022047262638807297, -0.0017189821228384972,
        0.07093437016010284, 0.032165780663490295, 0.020364072173833847,
        0.02084645815193653, 0.04122921824455261, -0.059706855565309525,
        -0.08360009640455246, -0.009704027324914932, 0.10254590958356857,
        0.02121097594499588, 0.017497947439551353, -0.06037135794758797,
        -0.07168713212013245, 0.07988230139017105, 0.02873898483812809,
        -0.08630272001028061, -0.14160697162151337, 0.03610718995332718,
        -0.06891363859176636, -0.051788847893476486, -0.05436709150671959,
        0.05736563727259636, 0.12785448133945465, 0.03632165864109993,
        0.007206663489341736, -0.011482302099466324, -0.07303261011838913,
        -0.0008674641139805317, -0.006556431297212839, 0.022249065339565277,
        0.03794723004102707, -7.58836043537909e-33, -0.03761744126677513,
        0.02544683963060379, -0.01990284025669098, 0.020212572067975998,
        0.011743113398551941, -0.04237239062786102, 0.09075643867254257,
        0.06968093663454056, -0.027539346367120743, -0.008150848560035229,
        0.016689566895365715, 0.02575533837080002, -0.08157970756292343,
        -0.04261359944939613, 0.01646624691784382, -0.008493426255881786,
        -0.05207828804850578, 0.07581260800361633, -0.061844080686569214,
        -0.04100380092859268, -0.01499361265450716, -0.020264260470867157,
        -0.10401231795549393, -0.02466893009841442, 0.05515512451529503,
        0.05720825493335724, -0.0026520269457250834, -0.07399062067270279,
        0.014234201051294804, 0.09799006581306458, -0.04705898091197014,
        0.009192143566906452, -0.014898313209414482, 0.13516749441623688,
        -0.05597413331270218, -0.0866042897105217, 0.009018189273774624,
        0.005357320886105299, -0.02693271078169346, 0.02261453866958618,
