{
  "filename": "四年级下册英语川教版电子课本.pdf",
  "totalPages": 80,
  "totalChunks": 1,
  "chunks": [
    {
      "content": "主编 副主编 本册编写 音乐指导 绘图 责任编辑 封面设计 杨晓钰 付春敏 杨晓钰 罗义蕴 李汴川 成都蓝鹦鹉文化传播有限公司 朱 娜 袁 月 李汴川 义务教育教科书 英语 （三年级起点） 四年级下册 四川教育出版社 出版 （成都市槐树街2号 邮政编码 610031） 新华文轩出版传媒股份有限公司发行 成都勤慧彩色制版印务有限公司 成品规格 184mm×260mm 印张 5 2019年12月第3版 2019年12月第1次印刷 印数 册 ISBN 978-7-5408-6377-7 定价：4.85元 如有内容方面的疑问，请与四川教育出版社总编室联系。电话：（028）86259381 著作权所有·请勿擅用本书编制各类出版物·违者必究 如发现印装质量问题，请与本社联系调换。电话：（028）86259359 编辑部电话：（028）86259381 邮购电话：（028）86259694 教材意见建议接收电话：（028）86259695 教材意见建议接收邮箱：englishthisway@sina.com 通讯地址：四川成都双流西航港黄荆路13号 四川教育出版社 致小学者 这套书是专门为你服务的，不论你从哪一个年级 开始学习，它都能为你打开学好英语的大门。进门之后 你便可以一层层走上楼顶，检阅21世纪人类的科学成就 和利用丰富的信息，那样你就可能成为新世纪杰出的学 者。 为什么这套书有这么大的力量呢？因为它不是板 着面孔要你学，而是引导你唱英语歌和做游戏，让你在 唱歌、游戏中学会说英语和识记单词，还帮助你学好英 语发音。英语发音是学英语的难点，有的人学了五六年 还不会拼读生词。你学完这套书以后，就能学会自己拼 读生词，那时你不用问老师也可以自己学英语了。而且 这套书每一册的内容都不多，但教你说的话可以变来变 去，帮助你在许多场合和“老外”说英语。 但是，这套书却不要求你去死记大量的单词和硬读 许多课文。在一个学期里，你只要唱好一些英语歌，读 好、认熟一定量的单词，在游戏中听听说说、读读写写 就能达到要求。这种做法就是古人说的“滴水穿石”。 一滴一滴的屋檐水可以把石头滴穿，而一桶一桶的水泼 到石头上却只能把石头冲洗干净。 这样说来，是不是有了这套书就可以不用心学习英 语了呢？也不是。你必须抓住机会去听英语、说英语， 尤其要唱好书中的英语歌，发准歌词的读音，平时多在 别人面前唱唱哼哼。人们会夸赞说：“你真是一位小学 者，既会学又博学，还会唱那么多英语歌！”",
      "metadata": {
        "chunkIndex": 0,
        "source": "四年级下册英语川教版电子课本.pdf",
        "contentCleaned": false,
        "originalLength": 1038,
        "cleanedLength": 1038,
        "qualityScore": 3
      },
      "embedding": [
        -0.04298408702015877, 0.021710330620408058, -0.046513523906469345,
        -0.07786765694618225, -0.07576954364776611, -0.010810739360749722,
        -0.10439464449882507, 0.0006190924323163927, 0.035812702029943466,
        0.006489762105047703, 0.1297173947095871, 0.011635225266218185,
        0.07439272105693817, 0.010545935481786728, -0.05000163987278938,
        0.010924008674919605, -0.11373886466026306, 0.014264939352869987,
        -0.017810240387916565, -0.01788507215678692, -0.008285384625196457,
        -0.06571836024522781, -0.011729157529771328, -0.06689964234828949,
        -0.008698911406099796, 0.023316890001296997, -0.043360285460948944,
        0.09135989844799042, -0.008394316770136356, -0.08933206647634506,
        -0.04695558547973633, 0.11129838973283768, -0.01958676055073738,
        0.03169582411646843, 0.04439677298069, 0.021216237917542458,
        -0.0038875900208950043, 0.014947323128581047, 0.018014870584011078,
        0.08238615840673447, 0.014221846126019955, 0.01969606801867485,
        0.04641730338335037, -0.015309290029108524, -0.006807534024119377,
        0.034008949995040894, -0.02470685914158821, -0.0016482856590300798,
        -0.06445860117673874, -0.0852930024266243, 0.00036528066266328096,
        -0.028349606320261955, 0.0015597784658893943, 0.05918431282043457,
        -0.00422858539968729, -0.013980609364807606, -0.03046611323952675,
        -0.035325441509485245, 0.03765714168548584, 0.03199699521064758,
        -0.004851964768022299, 0.10055394470691681, -0.024545269086956978,
        -0.06279607117176056, -0.05898239463567734, -0.023376083001494408,
        -0.01706189662218094, -0.03644409030675888, -0.08148056268692017,
        -0.029854657128453255, 0.01842249557375908, -0.045203693211078644,
        -0.046192362904548645, -0.020876841619610786, -0.01764979586005211,
        0.040974054485559464, -0.013532673940062523, 0.024911092594265938,
        -0.06493913382291794, -0.17295686900615692, -0.057416368275880814,
        0.022703759372234344, 0.01836826466023922, -0.04112745821475983,
        -0.07165132462978363, 0.032218001782894135, -0.03874369338154793,
        -0.07643546164035797, 0.11366479843854904, -0.0404277965426445,
        0.07925663888454437, 0.0001386601070407778, -0.014369054697453976,
        0.0333990678191185, 0.01668493077158928, 0.013810317032039165,
        0.06337870657444, 0.063271664083004, -0.017380518838763237,
        -0.028263051062822342, 0.02735985815525055, -0.10275928676128387,
        -0.04182941094040871, -0.021602321416139603, -0.06225552782416344,
        -0.0008207477512769401, -0.009817793034017086, 0.00318533624522388,
        0.03073500096797943, -0.059769466519355774, -0.035533804446458817,
        -0.021512290462851524, -0.07181965559720993, -0.06652679294347763,
        -0.011749634519219398, -0.0037225361447781324, -0.0459994375705719,
        -0.04236191138625145, -0.04083222895860672, 0.022533023729920387,
        0.03777984902262688, -0.01800769381225109, -0.03219135105609894,
        -0.01584421843290329, -0.126623272895813, -0.0317365787923336,
        0.023578517138957977, 1.8411858015715724e-33, -0.007727981079369783,
        0.07418813556432724, -0.07142789661884308, -0.05871852487325668,
        0.03083854727447033, -0.03852535039186478, 0.016733132302761078,
        -0.0025102454237639904, 0.038380008190870285, 0.019317511469125748,
        -0.055415794253349304, 0.08324050903320312, -0.11004786938428879,
        0.009205819107592106, -0.016678718850016594, -0.04368703439831734,
        -0.003480331739410758, -0.018336301669478416, -0.010126993060112,
        -0.06437177211046219, 0.027936775237321854, 0.009614384733140469,
        0.0094057098031044, -0.04371526837348938, 0.08160018175840378,
        0.005132386926561594, 0.009259373880922794, -0.010756513103842735,
        -0.05896301940083504, 0.02656678855419159, 0.07514377683401108,
        -0.021206028759479523, -0.02480192296206951, -0.048109620809555054,
        -0.06692910939455032, -0.017765548080205917, 0.042792048305273056,
        0.0027829499449580908, 0.005748956464231014, -0.004415483213961124,
        0.01024998351931572, 0.010569537989795208, 0.04559744521975517,
        0.062216565012931824, 0.07739809900522232, 0.00004285417526261881,
        0.02940375544130802, -0.012781217694282532, 0.0676383450627327,
        -0.08979418873786926, -0.09817354381084442, 0.0193961001932621,
        0.005668713245540857, -0.004805310629308224, 0.037858251482248306,
        -0.022799508646130562, -0.00993491243571043, 0.03854900225996971,
        -0.03914566710591316, -0.007368507329374552, -0.0012317236978560686,
        0.01951069012284279, -0.02587355673313141, 0.002895866986364126,
        0.06693650782108307, 0.028256908059120178, 0.016654107719659805,
        0.023067479953169823, 0.04707104340195656, -0.05965357646346092,
        -0.07176908105611801, -0.00433204835280776, 0.09943610429763794,
        0.015447665005922318, 0.019792187958955765, -0.05073333904147148,
        -0.0718500092625618, 0.07148414850234985, 0.02567492239177227,
        -0.07475822418928146, -0.14779548346996307, 0.028192177414894104,
        -0.06858506053686142, -0.03374359384179115, -0.05438404157757759,
        0.055644161999225616, 0.14256282150745392, 0.03355168551206589,
        0.003385744756087661, -0.012921897694468498, -0.0806293860077858,
        0.010032467544078827, -0.003690355224534869, 0.011272658593952656,
        0.0333678312599659, -7.464056315883449e-33, -0.03958403319120407,
        0.031957946717739105, -0.02111969329416752, 0.01832442171871662,
        0.016271868720650673, -0.042331695556640625, 0.08286209404468536,
        0.07698742300271988, -0.021290075033903122, -0.005419074557721615,
        0.00741762388497591, 0.021273497492074966, -0.06985761970281601,
        -0.052470091730356216, 0.006576358340680599, -0.008278968743979931,
        -0.04745960608124733, 0.07574471086263657, -0.06248373165726662,
        -0.04202599078416824, -0.01375681534409523, -0.008346276357769966,
        -0.12005981057882309, -0.02311723865568638, 0.04098131135106087,
        0.06510256975889206, -0.001952796126715839, -0.07772259414196014,
        0.0011582598090171814, 0.10569281876087189, -0.0379696860909462,
        -0.012459715828299522, -0.019821716472506523, 0.13540680706501007,
        -0.070096954703331, -0.08151492476463318, 0.01887495629489422,
        0.009318912401795387, -0.04398433119058609, 0.024602340534329414,
        0.0580655112862587, -0.007913126610219479, 0.09972644597291946,
