{
  "filename": "三年级下册科学青岛六三制电子课本.pdf",
  "totalPages": 73,
  "totalChunks": 1,
  "chunks": [
    {
      "content": "青岛出版社 青岛出版社 青岛出版社 青岛出版社 第 一 单 元 太阳与影子 阳光下，物体的影子是 什么样的？一天中，随着时 间的推移，物体的影子是怎 样变化的？玩手影游戏需要 哪些条件？太阳能帮助我们 计时吗？......让我们一起探 究吧。 青岛出版社 青岛出版社 青岛出版社 青岛出版社 青岛出版社 青岛出版社 青岛出版社 青岛出版社 青岛出版社 青岛出版社 青岛出版社 青岛出版社 青岛出版社 青岛出版社 青岛出版社 青岛出版社 青岛出版社 青岛出版社 青岛出版社 青岛出版社 青岛出版社 青岛出版社 青岛出版社 青岛出版社 青岛出版社 青岛出版社 青岛出版社 青岛出版社 青岛出版社 青岛出版社 青岛出版社 青岛出版社 青岛出版社 青岛出版社 青岛出版社 青岛出版社 青岛出版社 青岛出版社 青岛出版社 青岛出版社 青岛出版社 青岛出版社 青岛出版社 青岛出版社 青岛出版社 青岛出版社 青岛出版社 青岛出版社 我们每天要摄取食物，要呼吸。你 了解自己的消化器官和呼吸器官吗？消 化器官有哪些？呼吸器官有哪些？它们 是怎样工作的？让我们一起来研究吧。 第 六 单 元 消化与呼吸 青岛出版社 青岛出版社 青岛出版社 青岛出版社 青岛出版社 青岛出版社 青岛出版社 青岛出版社 青岛出版社 青岛出版社 青岛出版社 青岛出版社 青岛出版社 青岛出版社 青岛出版社 青岛出版社 青岛出版社 青岛出版社 青岛出版社 青岛出版社 青岛出版社",
      "metadata": {
        "chunkIndex": 0,
        "source": "三年级下册科学青岛六三制电子课本.pdf",
        "contentCleaned": false,
        "originalLength": 619,
        "cleanedLength": 619,
        "qualityScore": 1
      },
      "embedding": [
        -0.048976849764585495, 0.06820429861545563, -0.03494158759713173,
        -0.10989285260438919, 0.0033534776885062456, -0.018992597237229347,
        -0.030476069077849388, 0.007754960563033819, 0.05753907188773155,
        0.019986901432275772, 0.08063825219869614, 0.09713248908519745,
        0.037812065333127975, -0.007200581021606922, -0.030663156881928444,
        -0.0015775543870404363, -0.08921486139297485, 0.06196350231766701,
        -0.01840689405798912, 0.0006013337406329811, 0.05520007386803627,
        -0.057451650500297546, -0.044272176921367645, -0.034284669905900955,
        0.08115378767251968, -0.00846381951123476, -0.002195415087044239,
        0.08020617812871933, -0.006096890661865473, -0.08458390831947327,
        -0.0736456885933876, 0.14835529029369354, -0.02806122787296772,
        -0.014250467531383038, 0.027595605701208115, -0.01288641057908535,
        0.014040565118193626, 0.00040996665484271944, 0.011539542116224766,
        0.03713838756084442, 0.003728824434801936, -0.007646705489605665,
        -0.006544617936015129, 0.01939566060900688, -0.03766971454024315,
        -0.009436612948775291, -0.026561642065644264, 0.03174596652388573,
        -0.09832721948623657, -0.059388767927885056, 0.011957945302128792,
        -0.032145291566848755, -0.012142166495323181, 0.04367343708872795,
        0.015476807951927185, 0.01804450899362564, -0.015120328404009342,
        0.02556615322828293, 0.008932161144912243, 0.09396630525588989,
        -0.06930399686098099, 0.0459037646651268, -0.04655398055911064,
        -0.04624217376112938, 0.056113362312316895, -0.05587485805153847,
        0.028395837172865868, 0.009345503523945808, -0.0930401012301445,
        -0.026999974623322487, -0.04181370139122009, -0.009055431932210922,
        -0.02959301695227623, -0.09139426052570343, -0.046632468700408936,
        0.004500113893300295, 0.055732324719429016, 0.08492590487003326,
        -0.12556275725364685, -0.14545202255249023, -0.023605501279234886,
        0.006389548070728779, 0.019179215654730797, -0.046114012598991394,
        -0.018910903483629227, 0.04326474294066429, -0.00006467229832196608,
        -0.034807607531547546, 0.10131754726171494, -0.03164101392030716,
        -0.0008947860333137214, 0.04220286011695862, -0.04606145992875099,
        0.01777256838977337, -0.015055220574140549, -0.025962164625525475,
        -0.019265109673142433, 0.07780478894710541, 0.08484414964914322,
        0.014226673170924187, 0.039709992706775665, -0.08912676572799683,
        -0.05672874674201012, -0.04716099798679352, 0.02918609045445919,
        -0.028063055127859116, -0.06307283788919449, 0.020511096343398094,
        0.10602807253599167, 0.005343932658433914, -0.05229966342449188,
        -0.012798520736396313, 0.004518210422247648, 0.03139602765440941,
        -0.06879886239767075, -0.022955358028411865, 0.03428009897470474,
        -0.0695815458893776, 0.02334556169807911, 0.03737514466047287,
        0.0426427461206913, -0.03517274558544159, -0.02769327349960804,
        0.011512255296111107, -0.12202198803424835, -0.013597222976386547,
        0.006810877472162247, -1.1340830623752607e-33, -0.07266808301210403,
        0.015028185211122036, 0.00902316439896822, -0.055790580809116364,
        0.0015530079836025834, 0.020786626264452934, 0.007388900499790907,
        0.03192843869328499, 0.013758307322859764, -0.012971457093954086,
        -0.011832228861749172, 0.022576114162802696, -0.07928331941366196,
        0.008751311339437962, -0.019266990944743156, -0.04371987283229828,
        -0.02152213267982006, -0.07162082940340042, 0.03226778283715248,
        0.033049773424863815, 0.059820547699928284, 0.03330719843506813,
        -0.012646429240703583, -0.02808912843465805, 0.021248919889330864,
        -0.005096742417663336, 0.08119501918554306, -0.017193209379911423,
        -0.0716000646352768, 0.009299066849052906, 0.10491397231817245,
        -0.05264084041118622, 0.039760034531354904, 0.030094560235738754,
        -0.08192455023527145, -0.026621056720614433, 0.02503080666065216,
        0.016050061210989952, -0.03908061981201172, -0.04981912299990654,
        -0.0011472079204395413, 0.010696335695683956, 0.06820379942655563,
        0.054688695818185806, 0.01244404911994934, -0.019675975665450096,
        -0.03546109050512314, -0.006238454952836037, 0.034941479563713074,
        -0.04382610321044922, -0.08478914201259613, 0.09929801523685455,
        0.04889412596821785, 0.013665681704878807, -0.013510183431208134,
        -0.041077591478824615, -0.0368274562060833, -0.04914845526218414,
        -0.05455058440566063, 0.009873121045529842, -0.03184686228632927,
        0.05398689582943916, -0.02776425890624523, 0.05263596028089523,
        0.08774752169847488, 0.13296514749526978, 0.008939195424318314,
        0.006715654861181974, 0.04578939080238342, -0.06094542145729065,
        -0.05203315243124962, -0.0371023453772068, 0.01589285023510456,
        0.04479400813579559, -0.08433307707309723, -0.05618850886821747,
        -0.06507868319749832, 0.15576323866844177, 0.04378284886479378,
        -0.14971120655536652, -0.12286055833101273, -0.015554024837911129,
        -0.07802344858646393, 0.023547427728772163, -0.03804390877485275,
        0.010993092320859432, 0.07357390969991684, 0.08753053843975067,
        0.01986544020473957, -0.014996414072811604, -0.048629604279994965,
        -0.007271631620824337, 0.022180862724781036, -0.02588917873799801,
        0.07317081838846207, -2.3642947466829064e-33, 0.05192961543798447,
        0.003510447219014168, -0.014913296326994896, 0.07904968410730362,
        0.016122600063681602, -0.002194763161242008, 0.10519810020923615,
        0.018880002200603485, 0.003181052627041936, -0.017778806388378143,
        -0.014846917241811752, 0.04894675686955452, -0.017234178259968758,
        0.03876134753227234, -0.0000741997137083672, 0.009240643121302128,
        -0.03754527121782303, 0.07240161299705505, -0.0690988078713417,
        -0.03230726346373558, -0.04514886066317558, 0.017705097794532776,
        -0.011324817314743996, 0.02406003326177597, 0.022342395037412643,
        -0.026721930131316185, -0.014692114666104317, -0.05426114797592163,
        -0.025585733354091644, 0.047809477895498276, -0.08995170891284943,
        -0.006185376551002264, -0.11247415840625763, 0.049707189202308655,
        -0.03881620243191719, -0.07378160953521729, -0.1012626513838768,
        0.06021229922771454, -0.006148313172161579, 0.0760747492313385,
        -0.025916555896401405, -0.0024291430599987507, 0.08450619876384735,
        -0.005700029898434877, -0.04613696411252022, 0.0206608846783638,
        -0.005954191088676453, -0.04837115854024887, 0.01989782601594925,
        0.0037941152695566416, 0.034629419445991516, 0.0561957061290741,
        0.02028568461537361, -0.0534682422876358, 0.018916692584753036,
        -0.001280053867958486, 0.03396517038345337, -0.0533430278301239,
