{
  "filename": "四年级下册英语广州教科版电子课本.pdf",
  "totalPages": 87,
  "totalChunks": 1,
  "chunks": [
    {
      "content": "义 务 教 育 教 科 书 英 语 四年级 下册 ENGLISH 英 语 (三年级起点) 英 语 义 务 教 育 教 科 书 四 年 级 下 册 ( 三年级起点 ) 批准文号：粤发改价格〔2017〕434号 全国价格举报电话：12358 定价：10.63元 （教材5.63元，光盘5.00元）",
      "metadata": {
        "chunkIndex": 0,
        "source": "四年级下册英语广州教科版电子课本.pdf",
        "contentCleaned": false,
        "originalLength": 146,
        "cleanedLength": 146,
        "qualityScore": 3
      },
      "embedding": [
        0.03178327903151512, 0.0880122035741806, -0.00034547504037618637,
        0.03449716791510582, -0.03767114505171776, 0.01802513189613819,
        -0.018445774912834167, 0.03170850872993469, 0.032378748059272766,
        -0.03909089416265488, 0.1233925074338913, -0.10027427226305008,
        0.01285139936953783, 0.00034473053528927267, -0.04097553715109825,
        -0.02159014530479908, -0.07761243730783463, 0.014141897670924664,
        -0.012513015419244766, -0.02682225964963436, 0.04916707053780556,
        -0.07758177071809769, -0.011104529723525047, 0.02336861938238144,
        -0.0045356471091508865, -0.016728278249502182, -0.030956173315644264,
        0.009139680303633213, 0.02287943847477436, 0.023559601977467537,
        -0.07376640290021896, 0.09981247782707214, 0.0534726157784462,
        0.02883191965520382, -0.008464953862130642, -0.08496906608343124,
        -0.012716100551187992, -0.013686098158359528, -0.011301756836473942,
        0.0938355103135109, -0.07261927425861359, -0.07510708272457123,
        0.06900649517774582, -0.06826076656579971, -0.017838075757026672,
        0.017224516719579697, -0.03634803742170334, 0.054960280656814575,
        0.006623043213039637, 0.045892637223005295, 0.012429090216755867,
        0.009499442763626575, -0.020838724449276924, 0.0009789325995370746,
        -0.0034641309175640345, -0.02074049785733223, -0.02958718128502369,
        -0.05869533494114876, 0.06158702075481415, 0.03961769491434097,
        -0.0007540016085840762, 0.06745032966136932, -0.03595435246825218,
        0.002638540929183364, -0.05909000709652901, -0.0027169648092240095,
        0.033642884343862534, -0.032921675592660904, -0.0309604462236166,
        -0.017153877764940262, 0.04853098466992378, -0.044416364282369614,
        0.06508848071098328, -0.034832388162612915, -0.04833405464887619,
        -0.024923156946897507, 0.043575823307037354, -0.03629227355122566,
        -0.05653075873851776, -0.07932641357183456, -0.011140542104840279,
        -0.007237263955175877, 0.02821231074631214, -0.0384741947054863,
        -0.047846484929323196, 0.04589284956455231, -0.05130360275506973,
        0.019636359065771103, 0.024032024666666985, -0.0100043173879385,
        -0.01572100631892681, 0.013095907866954803, -0.008681795559823513,
        0.12465523928403854, -0.08815431594848633, 0.060182951390743256,
        0.05362444370985031, -0.030804768204689026, -0.0347372367978096,
        0.017359763383865356, 0.08087347447872162, 0.012581892311573029,
        0.05305688455700874, 0.026880547404289246, -0.037472955882549286,
        -0.03970588743686676, -0.009773253463208675, -0.017427563667297363,
        -0.025883886963129044, -0.007905103266239166, -0.02908104658126831,
        -0.0030154380947351456, -0.05477112904191017, -0.08032804727554321,
        -0.06361426413059235, -0.012424490414559841, -0.019408253952860832,
        -0.09530331939458847, 0.025370217859745026, 0.01180545799434185,
        0.09563050419092178, 0.025878317654132843, -0.043712254613637924,
        -0.09056708216667175, -0.13984568417072296, -0.020224248990416527,
        0.10704565793275833, 3.5923955921113606e-33, 0.0011470055906102061,
        0.06008534133434296, 0.01191314123570919, -0.05567510426044464,
        -0.002554625505581498, -0.06494040787220001, 0.01268861722201109,
        0.0013914982555434108, -0.08489903807640076, 0.0052161081694066525,
        -0.010317093692719936, -0.01499828603118658, -0.05560540035367012,
        -0.035349003970623016, 0.018295899033546448, -0.026872681453824043,
        0.024755027145147324, -0.014803865924477577, 0.08296463638544083,
        0.002424551174044609, -0.012134184129536152, -0.039774853736162186,
        0.03614100068807602, -0.011892465874552727, 0.01519994530826807,
        0.06280051171779633, 0.0030502649024128914, -0.028359195217490196,
        -0.03275355324149132, 0.042568281292915344, 0.08005964010953903,
        0.027330121025443077, 0.014073223806917667, -0.0867755264043808,
        -0.0535946749150753, -0.00292642368003726, 0.04966335371136665,
        -0.01137563120573759, 0.032835882157087326, 0.018345795571804047,
        -0.06497501581907272, -0.017466124147176743, -0.0347677543759346,
        0.05487295240163803, 0.05467037856578827, 0.05065181851387024,
        0.061204228550195694, -0.0032733799889683723, 0.11307346075773239,
        -0.042596906423568726, -0.08844614028930664, -0.07488241046667099,
        -0.09040053188800812, 0.014267414808273315, 0.07114607840776443,
        -0.07335538417100906, -0.015000090934336185, -0.024408577010035515,
        -0.06746348738670349, -0.06294102966785431, 0.03644268959760666,
        -0.005308608524501324, -0.01678798906505108, 0.08904324471950531,
        -0.006973687093704939, 0.03627703711390495, -0.0138082979246974,
        -0.024480199441313744, -0.021519575268030167, -0.11115935444831848,
        -0.09494400769472122, -0.03673429414629936, 0.12211888283491135,
        -0.042001914232969284, 0.03936462849378586, -0.022829510271549225,
        0.07561323791742325, -0.0023073379416018724, 0.09137965738773346,
        0.009694183245301247, -0.08395562320947647, 0.020656725391745567,
        -0.023330483585596085, 0.04876857250928879, 0.01412068773061037,
        0.06571128964424133, 0.08318251371383667, 0.05545419082045555,
        0.0159330852329731, -0.051261283457279205, -0.10814577341079712,
        -0.07092404365539551, 0.051517654210329056, -0.03493326157331467,
        -0.029777612537145615, -7.227178775829404e-33, -0.00831935741007328,
        0.054589010775089264, -0.005386222153902054, 0.02115236409008503,
        -0.009440604597330093, -0.0247473306953907, 0.013102717697620392,
        0.13588787615299225, 0.04354983940720558, -0.02149023674428463,
        -0.0026957658119499683, -0.017891356721520424, 0.035537946969270706,
        -0.01332966797053814, -0.0388847179710865, 0.044362325221300125,
        -0.0075019109062850475, -0.008901150897145271, -0.052905891090631485,
        -0.022128894925117493, 0.02064475417137146, -0.07316220551729202,
        -0.1136084794998169, 0.06808575987815857, -0.048468101769685745,
        0.02750900201499462, 0.04286601021885872, -0.16177888214588165,
        -0.07529570907354355, 0.027325211092829704, -0.009159859269857407,
        -0.07192188501358032, 0.062297459691762924, 0.08241800963878632,
        -0.0774356871843338, -0.07894764095544815, 0.049382925033569336,
        -0.08114957809448242, -0.02162070758640766, 0.050013937056064606,
        -0.06174388900399208, 0.0316360741853714, 0.08733099699020386,
        -0.000060229744121897966, -0.018960876390337944, -0.0004822160699404776,
        -0.03933177888393402, -0.06315552443265915, 0.04221104457974434,
        -0.06621075421571732, 0.0887853279709816, -0.041208673268556595,
        -0.04885808378458023, -0.026942841708660126, -0.05254562571644783,
        0.05282039940357208, -0.034140437841415405, 0.03583637997508049,
        -0.033510155975818634, -0.06969453394412994, -0.023270459845662117,
        -0.010113629512488842, -0.011403441429138184, 0.0898948460817337,
        -0.016157137230038643, -0.0021445825695991516, 0.018570978194475174,
        0.017619473859667778, 0.06433434039354324, -0.10324171185493469,
        0.0564076229929924, 0.05074066296219826, 0.026439303532242775,
        -0.010931788012385368, -0.03232080489397049, -0.06037395820021629,
        0.008302697911858559, 0.04493706673383713, 0.07314012199640274,
