{
  "filename": "二年级下册数学人教版电子课本.pdf",
  "totalPages": 250,
  "totalChunks": 1,
  "chunks": [
    {
      "content": "义务教育教科书 SHUXUE 二年级下册",
      "metadata": {
        "chunkIndex": 0,
        "source": "二年级下册数学人教版电子课本.pdf",
        "contentCleaned": false,
        "originalLength": 20,
        "cleanedLength": 20,
        "qualityScore": 3
      },
      "embedding": [
        -0.016522599384188652, 0.10797377675771713, 0.039702609181404114,
        -0.04125335067510605, -0.06361057609319687, 0.08427402377128601,
        0.04311303421854973, -0.006990621332079172, 0.016121666878461838,
        -0.01116156205534935, 0.16473917663097382, -0.1265234798192978,
        0.0868099108338356, -0.062087494879961014, -0.025117315351963043,
        -0.032834842801094055, -0.1004876121878624, 0.07320612668991089,
        0.029250677675008774, -0.05086139962077141, 0.023985128849744797,
        0.02168453298509121, 0.017980752512812614, 0.08762650936841965,
        -0.041460875421762466, 0.02342524752020836, -0.06600873917341232,
        -0.002647749148309231, 0.05890514329075813, 0.06282701343297958,
        0.005417532753199339, 0.10892946273088455, 0.046336788684129715,
        -0.009471998549997807, 0.060673005878925323, 0.02096688747406006,
        -0.013007660396397114, 0.01194155216217041, -0.024568578228354454,
        0.08503711223602295, -0.0977562814950943, -0.07772278040647507,
        0.04353272542357445, -0.11846619099378586, -0.0034937779419124126,
        0.029188835993409157, -0.02750798501074314, -0.015411876142024994,
        0.01879388839006424, 0.007554228417575359, -0.0003793859505094588,
        -0.02625502645969391, -0.04558929428458214, 0.026430344209074974,
        0.033390436321496964, 0.013601050712168217, -0.07271245121955872,
        -0.08698054403066635, 0.027940958738327026, -0.010278305038809776,
        -0.04979237914085388, 0.013618516735732555, 0.011156580410897732,
        -0.012899932451546192, -0.07731065899133682, -0.053219303488731384,
        0.049109261482954025, -0.02622712403535843, 0.0017929007299244404,
        0.03686939924955368, 0.045667264610528946, -0.039392031729221344,
        0.022686747834086418, 0.01579010859131813, -0.07171488553285599,
        -0.0463707409799099, 0.02700083516538143, -0.014579412527382374,
        -0.0017335155280306935, -0.11081159859895706, -0.0449506975710392,
        -0.0223541297018528, 0.05907634273171425, 0.00023217650596052408,
        -0.07957382500171661, 0.02815006487071514, -0.09723018109798431,
        -0.018246818333864212, -0.03396115452051163, -0.03766103461384773,
        0.001998090883716941, 0.030428431928157806, 0.057999659329652786,
        0.072451151907444, -0.023284561932086945, -0.018154485151171684,
        0.055786751210689545, 0.015531739220023155, -0.05774294584989548,
        0.023885350674390793, 0.06069512292742729, 0.04784794896841049,
        0.02918262965977192, 0.03924783691763878, -0.08479263633489609,
        -0.06560805439949036, 0.016949094831943512, -0.051436226814985275,
        -0.02536696195602417, 0.010042927227914333, -0.03405047208070755,
        -0.07302720099687576, -0.04040820151567459, -0.10252054780721664,
        0.0036744438111782074, 0.010752244852483273, 0.03640582785010338,
        -0.04707738384604454, -0.04213281348347664, 0.025058511644601822,
        0.04421297460794449, -0.02195197157561779, -0.05537239834666252,
        -0.00935122650116682, -0.04674962908029556, -0.007687714416533709,
        0.09452270716428757, 8.876698754131464e-34, 0.007731738034635782,
        -0.026119111105799675, -0.04427646845579147, -0.04109073802828789,
        -0.052319105714559555, -0.005866643972694874, -0.03776169568300247,
        -0.010771346278488636, -0.07763401418924332, -0.048270296305418015,
        0.037561945617198944, -0.023745330050587654, -0.09239264577627182,
        -0.06041887402534485, 0.026163630187511444, -0.0423722080886364,
        -0.05759173259139061, -0.03431416675448418, 0.0841512680053711,
        -0.015986843034625053, 0.0036280816420912743, -0.07770681381225586,
        0.013850284740328789, 0.021095363423228264, 0.027551883831620216,
        -0.04545944184064865, -0.007404831703752279, -0.006509636528789997,
        -0.020269086584448814, 0.057260461151599884, 0.12161865085363388,
        -0.0565590038895607, -0.047657549381256104, -0.065898098051548,
        -0.08681239932775497, -0.01758604682981968, 0.0954747200012207,
        0.04769264534115791, 0.004578800871968269, 0.03808295726776123,
        -0.0012578616151586175, -0.04747647047042847, -0.012347035109996796,
        -0.017046889290213585, 0.09701215475797653, 0.06024785712361336,
        0.07905981689691544, 0.0045233843848109245, 0.07071925699710846,
        -0.014747518114745617, -0.00825048703700304, -0.025666790083050728,
        -0.13099145889282227, 0.05219542235136032, 0.030084259808063507,
        -0.05784754082560539, -0.026823433116078377, -0.013410341925919056,
        -0.0573967844247818, -0.02497505582869053, 0.1003681868314743,
        -0.048801545053720474, -0.0016834951238706708, 0.05249582603573799,
        -0.03522198647260666, -0.0064543201588094234, 0.0168108232319355,
        0.018130067735910416, 0.03334220126271248, -0.00828363373875618,
        -0.096495121717453, -0.023550134152173996, 0.004763166420161724,
        0.05163121595978737, -0.03429948911070824, 0.051963288336992264,
        0.04633697122335434, -0.01143796369433403, 0.021739883348345757,
        -0.005962088238447905, -0.01526819821447134, 0.00336056319065392,
        -0.015801910310983658, 0.03316900506615639, 0.06489473581314087,
        0.008611035533249378, 0.04332178458571434, -0.05167244374752045,
        -0.01615530624985695, -0.060402341187000275, -0.08379154652357101,
        -0.04804323986172676, 0.11338350176811218, 0.053612079471349716,
        -0.06440867483615875, -3.193884272741389e-33, 0.0042379023507237434,
        0.058747611939907074, -0.002821099478751421, 0.014439709484577179,
        -0.01837914250791073, -0.05375802144408226, 0.039368003606796265,
        0.13040289282798767, 0.09209806472063065, 0.029906002804636955,
        -0.02301306463778019, -0.025250429287552834, 0.04554105922579765,
        0.015370141714811325, -0.05146513134241104, 0.042488161474466324,
        0.06574217975139618, 0.05662837624549866, -0.03248705342411995,
        -0.009610897861421108, 0.036949899047613144, -0.005103955511003733,
        -0.12258052825927734, 0.02778923325240612, -0.06558918952941895,
        0.06759096682071686, -0.016867198050022125, -0.09268432855606079,
        0.014889083802700043, 0.03701511025428772, 0.020257793366909027,
        -0.07515334337949753, 0.014313939958810806, 0.04730198532342911,
        -0.061586037278175354, -0.09326988458633423, 0.03676450625061989,
        -0.09158946573734283, -0.06443943083286285, 0.022639043629169464,
        -0.007693060673773289, 0.017641406506299973, 0.02924853004515171,
        0.03471968322992325, 0.04816889017820358, 0.04088928923010826,
        -0.015652306377887726, 0.006925126537680626, -0.01841626688838005,
        -0.040668733417987823, 0.03653004765510559, -0.05536704137921333,
        0.031790465116500854, -0.01501928735524416, 0.029066389426589012,
        0.0300036258995533, -0.021274106577038765, 0.02053642086684704,
        -0.03101532906293869, -0.02512192353606224, 0.026565471664071083,
        -0.025209780782461166, -0.07247011363506317, 0.006330201867967844,
        -0.0017484743148088455, 0.011100061237812042, -0.0023743363562971354,
        0.016824282705783844, 0.0051322500221431255, -0.030119506642222404,
        0.09530378878116608, -0.028018422424793243, -0.11717556416988373,
        0.002464405493810773, -0.08202967047691345, -0.004597449209541082,
        0.0021667005494236946, 0.06660713255405426, 0.01664002612233162,
        0.023021535947918892, -0.05829712003469467, 0.01003247033804655,
        -0.009115955792367458, 0.015203523449599743, -0.06303508579730988,
