{
  "filename": "三年级下册英语广东开心版电子课本.pdf",
  "totalPages": 76,
  "totalChunks": 1,
  "chunks": [
    {
      "content": "义务教育教科书 廣 東 人 民 出 版 社 广东省教育研究院教研室 培生教育出版亚洲有限公司 合编 强海燕 郭植梅 喻春兰 Ken Methold · Stanton Procter · Melanie Graham Mary McIntosh · Paul FitzGerald · Huang Xiaodan E N G L I S H （三年级起点） 三年级 下册",
      "metadata": {
        "chunkIndex": 0,
        "source": "三年级下册英语广东开心版电子课本.pdf",
        "contentCleaned": false,
        "originalLength": 185,
        "cleanedLength": 185,
        "qualityScore": 3
      },
      "embedding": [
        0.0020709873642772436, 0.0007794794510118663, 0.01738903671503067,
        -0.014678009785711765, -0.06761503964662552, 0.046692270785570145,
        0.017691494897007942, 0.018275994807481766, 0.04378370940685272,
        0.008439413271844387, 0.12488754093647003, -0.0607747845351696,
        0.03314351290464401, -0.01992088556289673, -0.07461977750062943,
        -0.04841436445713043, -0.05644040182232857, 0.04024883359670639,
        0.02561013773083687, -0.05566742271184921, 0.020000111311674118,
        -0.02507011406123638, -0.0007269036141224205, 0.00614158483222127,
        -0.051929984241724014, -0.024235805496573448, -0.021870825439691544,
        -0.033304985612630844, 0.02672511897981167, 0.052178096026182175,
        -0.07118138670921326, 0.044417716562747955, 0.12302347272634506,
        0.020321963354945183, 0.03683967515826225, 0.0520857572555542,
        0.021468741819262505, -0.01914920285344124, -0.004864240996539593,
        0.10763054341077805, -0.07062024623155594, -0.08197164535522461,
        0.012896659784018993, -0.05050978064537048, 0.03091052547097206,
        -0.02368413470685482, 0.02566436305642128, 0.015498904511332512,
        -0.049245044589042664, 0.064091257750988, -0.08100579679012299,
        -0.041372381150722504, 0.004302323795855045, 0.047053925693035126,
        0.02133742906153202, -0.014181030914187431, -0.05774662643671036,
        -0.0966234803199768, -0.004408109933137894, 0.019473811611533165,
        -0.06208829954266548, -0.011963612399995327, -0.001622387790121138,
        0.03388017788529396, -0.07877998054027557, -0.024137843400239944,
        -0.0012360629625618458, 0.009555747732520103, -0.039436694234609604,
        -0.024923376739025116, 0.03300648182630539, -0.10729552805423737,
        -0.057782914489507675, 0.02170255407691002, -0.09881557524204254,
        -0.02313666045665741, 0.012452905997633934, -0.026038866490125656,
        -0.0036858695093542337, -0.12674984335899353, -0.014700639992952347,
        0.023809602484107018, 0.005951417610049248, 0.05484597757458687,
        -0.07980701327323914, 0.04753023758530617, -0.07683566212654114,
        -0.013504350557923317, 0.005229163449257612, 0.0037596910260617733,
        0.005999565124511719, 0.013469206169247627, -0.003492275020107627,
        0.004552697297185659, -0.08810000866651535, -0.03757709264755249,
        0.003184177679941058, 0.05679984390735626, -0.02823028154671192,
        0.0017987443134188652, -0.02808564528822899, 0.026593321934342384,
        0.004966068547219038, 0.040546491742134094, -0.13498654961585999,
        -0.08889935910701752, -0.029167592525482178, -0.0482674278318882,
        0.007525420282036066, 0.053520072251558304, -0.0367264449596405,
        0.030220214277505875, -0.15515746176242828, -0.0680357962846756,
        -0.0019206408178433776, -0.023951644077897072, -0.056785374879837036,
        -0.04438256844878197, 0.007917444221675396, -0.023632487282156944,
        0.04964233189821243, 0.02514747902750969, -0.10112079232931137,
        -0.09017989039421082, -0.14836010336875916, -0.022451337426900864,
        0.09407530725002289, 5.2524562649914424e-33, -0.0547899529337883,
        0.052287790924310684, 0.015021008439362049, 0.02516902983188629,
        -0.00936585757881403, -0.06579100340604782, 0.008483572863042355,
        -0.022693460807204247, 0.0003979622561018914, 0.035326037555933,
        -0.0039726183749735355, 0.0623030886054039, -0.11308743059635162,
        -0.03633185848593712, -0.024845454841852188, 0.05870829150080681,
        -0.054292019456624985, -0.009232488460838795, 0.08402414619922638,
        0.010609818622469902, 0.03509128838777542, -0.026414969936013222,
        -0.010212374851107597, 0.03196864575147629, 0.021791741251945496,
        -0.038988444954156876, 0.014795280992984772, -0.05566513538360596,
        -0.015270466916263103, 0.04085185006260872, 0.10281550139188766,
        -0.052687909454107285, 0.003326134756207466, -0.09843026101589203,
        -0.029366742819547653, -0.046068184077739716, 0.04796480014920235,
        -0.03856571763753891, 0.06987973302602768, 0.019474046304821968,
        -0.06444012373685837, 0.0049683693796396255, 0.07852543145418167,
        0.011349853128194809, 0.03852659463882446, 0.07637408375740051,
        0.07145959883928299, -0.01455447357147932, 0.13173961639404297,
        0.01602885127067566, -0.048370249569416046, -0.04755150526762009,
        0.01679740659892559, 0.010675267316401005, 0.06796824932098389,
        -0.003369169309735298, -0.012164459563791752, 0.021678881719708443,
        -0.0786106139421463, 0.04856662452220917, -0.02762465365231037,
        -0.006607395596802235, -0.042073432356119156, 0.0905480906367302,
        -0.0035351731348782778, 0.0009772138437256217, -0.018344828858971596,
        -0.04293426498770714, 0.03431844338774681, -0.03105141967535019,
        -0.08218642324209213, -0.00258246879093349, 0.08942542225122452,
        -0.03308581933379173, -0.08693945407867432, 0.013638651929795742,
        -0.04623677581548691, 0.03810673579573631, 0.006932849530130625,
        0.002997186267748475, -0.08223198354244232, 0.046611152589321136,
        -0.05094045028090477, 0.060926008969545364, 0.031810734421014786,
        0.09192872047424316, 0.08550229668617249, 0.019603317603468895,
        0.0560583621263504, 0.07189157605171204, -0.11395890265703201,
        -0.01592377945780754, 0.031620342284440994, 0.06766805052757263,
        -0.06241750344634056, -1.0971512522914314e-32, -0.03555993735790253,
        -0.018813256174325943, -0.011072601191699505, 0.025669040158391,
        0.007604380138218403, -0.011127197183668613, 0.01888205297291279,
        0.062385380268096924, 0.06681980937719345, -0.019695742055773735,
        0.006056034937500954, -0.02594858780503273, -0.014849986881017685,
        -0.045030705630779266, -0.09470211714506149, 0.04012449458241463,
        -0.011856789700686932, 0.07851703464984894, -0.1250913441181183,
        -0.028122760355472565, 0.02917308919131756, -0.02423938177525997,
        -0.027895435690879822, 0.03950576111674309, -0.007826539687812328,
        0.04319705441594124, 0.04292246699333191, -0.037884026765823364,
        -0.05082475021481514, 0.02758101187646389, 0.0030942822340875864,
        -0.056129906326532364, -0.022128203883767128, 0.1207834929227829,
        -0.06237107887864113, -0.0666033998131752, 0.02828984707593918,
        -0.03196173906326294, -0.0020383447408676147, 0.0630105584859848,
        0.047576386481523514, -0.029220229014754295, 0.06076449900865555,
        0.06958799809217453, -0.023478318005800247, -0.03159860521554947,
        -0.0825691819190979, -0.06138921156525612, 0.06344060599803925,
        -0.07221629470586777, 0.00028335393290035427, -0.022343063727021217,
        -0.057155631482601166, -0.06867976486682892, -0.03347603976726532,
        0.038441579788923264, -0.03565214201807976, -0.03465905785560608,
        -0.004737407434731722, -0.02577035129070282, 0.03832344338297844,
        0.005119262728840113, -0.021284008398652077, 0.11488500982522964,
        -0.009938432835042477, -0.007310994900763035, 0.038500141352415085,
        -0.015788484364748, 0.033179547637701035, -0.05299101397395134,
        0.0845930427312851, -0.00924464501440525, 0.01741621270775795,
        -0.015922456979751587, -0.05535321310162544, -0.022618740797042847,
