{
  "filename": "四年级下册数学人教版电子课本.pdf",
  "totalPages": 124,
  "totalChunks": 1,
  "chunks": [
    {
      "content": "义务教育教科 书 SHUXUE 四年级下册",
      "metadata": {
        "chunkIndex": 0,
        "source": "四年级下册数学人教版电子课本.pdf",
        "contentCleaned": false,
        "originalLength": 21,
        "cleanedLength": 21,
        "qualityScore": 3
      },
      "embedding": [
        0.03005017153918743, 0.11737117916345596, 0.060169074684381485,
        -0.03657479211688042, -0.08637838065624237, 0.10024865716695786,
        0.014486663974821568, -0.004546453710645437, 0.015840059146285057,
        -0.013135864399373531, 0.1647547334432602, -0.13737088441848755,
        0.07925564050674438, -0.03560671955347061, -0.036643993109464645,
        -0.02522556483745575, -0.09413422644138336, 0.05933312326669693,
        0.009729503653943539, -0.07187126576900482, 0.029480408877134323,
        -0.010602784343063831, 0.0006826042081229389, 0.06370128691196442,
        -0.04526388645172119, 0.00378889380954206, -0.06745336204767227,
        -0.017483938485383987, 0.052960798144340515, 0.051758479326963425,
        0.016929635778069496, 0.13489149510860443, 0.058563996106386185,
        -0.010593109764158726, 0.03030579350888729, 0.01724884659051895,
        -0.026302194222807884, 0.015324852429330349, 0.011105197481811047,
        0.10898490995168686, -0.072212353348732, -0.08194189518690109,
        0.04401165619492531, -0.10163244605064392, -0.01306159421801567,
        0.043292053043842316, -0.0022614262998104095, 0.005754522047936916,
        0.043888311833143234, -0.01184761617332697, -0.025237537920475006,
        -0.014173593372106552, -0.04795951768755913, 0.015282964333891869,
        0.0035334175918251276, -0.04209095984697342, -0.08965948969125748,
        -0.0636858120560646, 0.031636979430913925, -0.0003512703697197139,
        -0.009430288337171078, 0.03376862779259682, -0.011992772109806538,
        -0.020720098167657852, -0.06342408806085587, -0.006442628800868988,
        0.06008630618453026, -0.0529005266726017, 0.004502531141042709,
        0.05264298617839813, 0.04154012352228165, -0.017628593370318413,
        0.015439355745911598, 0.010102744214236736, -0.04590948298573494,
        -0.056800469756126404, 0.03700508177280426, -0.03486354649066925,
        0.02354554273188114, -0.09778130054473877, -0.02460489422082901,
        0.011649184860289097, 0.07687592506408691, 0.0014858038630336523,
        -0.07643916457891464, 0.048495370894670486, -0.10051153600215912,
        -0.03407355770468712, 0.005260308273136616, -0.012351222336292267,
        -0.003150718519464135, 0.03080570697784424, 0.010506004095077515,
        0.06356082111597061, -0.038379453122615814, -0.015984758734703064,
        0.0466117300093174, -0.0335051454603672, -0.022034304216504097,
        0.048662394285202026, 0.05543762072920799, 0.012047423981130123,
        0.008822908625006676, 0.041440196335315704, -0.06959285587072372,
        -0.06926029920578003, 0.034079521894454956, -0.04761917516589165,
        -0.0419667549431324, 0.03970015421509743, -0.031076211482286453,
        -0.06202871352434158, -0.04517700523138046, -0.08693176507949829,
        -0.004240630194544792, 0.041474271565675735, 0.021963458508253098,
        -0.058347076177597046, -0.06869260966777802, 0.032594844698905945,
        0.04262503609061241, 0.004199329297989607, -0.04015900567173958,
        -0.03849373385310173, -0.03992801532149315, -0.0101653803139925,
        0.0987674817442894, 1.313228768782562e-33, 0.01926707662642002,
        -0.004044252447783947, 0.0034343479201197624, -0.036785874515771866,
        -0.04464082047343254, -0.005012164823710918, -0.049428071826696396,
        -0.0282322745770216, -0.08165522664785385, -0.03489454835653305,
        0.04206777364015579, -0.04660722613334656, -0.09066018462181091,
        -0.05970063433051109, 0.04784492775797844, -0.04349958151578903,
        -0.03645554929971695, -0.017735011875629425, 0.07058265805244446,
        -0.007906975224614143, 0.024868637323379517, -0.07617887854576111,
        0.014256798662245274, 0.031704869121313095, 0.04058225825428963,
        -0.0436612106859684, 0.033641066402196884, -0.009493398480117321,
        -0.01212120521813631, 0.05269164592027664, 0.08784979581832886,
        -0.029451537877321243, -0.05513744056224823, -0.08696480840444565,
        -0.05630364269018173, -0.009076613932847977, 0.054869167506694794,
        0.0626835748553276, 0.021832894533872604, 0.07351013273000717,
        -0.033868059515953064, -0.05190393701195717, 0.009439460933208466,
        -0.012427307665348053, 0.11304658651351929, 0.04627590626478195,
        0.05595739558339119, -0.015012520365417004, 0.060098208487033844,
        0.009839835576713085, -0.0065222918055951595, -0.00008820417860988528,
        -0.10999903827905655, 0.05315979942679405, 0.018670005723834038,
        -0.06717507541179657, -0.039938777685165405, -0.032088037580251694,
        -0.06414321810007095, -0.02380383387207985, 0.09386841952800751,
        -0.04907183349132538, -0.018512772396206856, 0.04466833174228668,
        -0.006685393396764994, -0.0027284061070531607, 0.025916919112205505,
        -0.00307088578119874, 0.043890029191970825, -0.02756124921143055,
        -0.0778929740190506, -0.054161518812179565, 0.03443091735243797,
        0.013028272427618504, -0.018756795674562454, 0.02620084583759308,
        0.07347235083580017, 0.017131946980953217, 0.036161236464977264,
        -0.031220588833093643, -0.03512480482459068, 0.007649483624845743,
        -0.015432358719408512, 0.01020476408302784, 0.07484325021505356,
        0.01405006367713213, 0.08799026161432266, -0.03416784107685089,
        0.015582055784761906, -0.058780737221241, -0.09219181537628174,
        -0.06882471591234207, 0.07184342294931412, 0.02834044024348259,
        -0.0460355170071125, -3.2442295937611536e-33, 0.021170128136873245,
        0.07966890931129456, -0.012081291526556015, 0.0218888558447361,
        -0.011207988485693932, -0.056992657482624054, 0.03807549923658371,
        0.1699879914522171, 0.07906592637300491, 0.022030306980013847,
        -0.002700353739783168, -0.05697069317102432, 0.05264788493514061,
        0.03321558237075806, -0.05891825631260872, 0.08459495007991791,
        0.037669286131858826, 0.014456384815275669, -0.05882451310753822,
        0.006839444395154715, 0.028674179688096046, -0.02319314517080784,
        -0.0981665849685669, 0.06312745809555054, -0.05202256888151169,
        0.056680597364902496, 0.00018909946084022522, -0.10886816680431366,
        -0.02216215245425701, 0.01985415257513523, -0.013273320160806179,
        -0.08955109864473343, 0.0041876849718391895, 0.03219126537442207,
        -0.07064256072044373, -0.11257760971784592, 0.03734239190816879,
        -0.0726582407951355, -0.0590735599398613, 0.030470313504338264,
        -0.01722007617354393, 0.03489299118518829, 0.07117366790771484,
        0.06856188178062439, 0.02960747666656971, 0.045210324227809906,
        -0.025814076885581017, -0.0013157239882275462, -0.00922415591776371,
        -0.027645453810691833, 0.04599393159151077, -0.05652760714292526,
        -0.01530960202217102, -0.03571172058582306, 0.0024527900386601686,
        0.03102852962911129, -0.014724376611411572, 0.03512069582939148,
        -0.07727029174566269, -0.03581411764025688, -0.009531673043966293,
        -0.054182760417461395, -0.045249536633491516, 0.0045316144824028015,
        0.03678010031580925, -0.019229061901569366, -0.006793143227696419,
        0.00432586157694459, 0.03229712322354317, -0.05525459349155426,
        0.10550424456596375, -0.022723371163010597, -0.11104296147823334,
        -0.010634205304086208, -0.06404771655797958, -0.017462151125073433,
        -0.011587739922106266, 0.07751966267824173, 0.016657695174217224,
        0.05242167040705681, -0.06414968520402908, 0.028165431693196297,
        0.039808548986911774, -0.004519346635788679, -0.07014470547437668,
