{
  "filename": "六年级下册音乐人音版（简谱）电子课本.pdf",
  "totalPages": 73,
  "totalChunks": 1,
  "chunks": [
    {
      "content": "绿色印刷 保护环境 爱护健康 亲爱的同学们： 您手中的这本教科书采用绿色印刷标准印 制 ，在 它 的 封 底 印 有“ 绿 色 印 刷 产 品 ”标 志 。从 2 0 1 3 年 秋 季 学 期 起 ，北 京 地 区 出 版 并 使 用 的 义 务教育阶段中小学教科书全部采用绿色印刷。 按照国家有关标准（HJ2503-2011)，绿色 印 刷 选 用 环 保 型 纸 张 、油 墨 、胶 水 等 原 辅 材 料 ， 生 产 过 程 注 重 节 能 减 排 ，印 刷 产 品 符 合 人 体 健 康要求。 让我们携起手来，支持绿色印刷，选择绿 色印刷产品，共同关爱环境，一起健康成长！ 北京市绿色印刷工程 义务教育教科书 ( 简谱 ) 六年级·下册 义务教育教科书 音 乐 （简 谱） 六年级·下册 787×1092 毫米 16 开 4 印张 2015 年 1月第 1 版 2015 年 1月第 1 次印刷 ISBN 978-7-103-04246-5 定价：8.70 元 审批号：发改价格【2012】1658号 全国价格举报电话：12358 如发现印装质量问题请与人民音乐出版社联系 电话：010-58110572 人民音乐出版社出版发行 印刷 绿色印刷 保护环境 爱护健康 亲爱的同学： 你手中的这本教科书采用绿色印刷方式印 制，在它的封底印有“绿色印刷产品”标志。 从 2013 年秋季学期起，北京地区出版并使用的 义务教育阶段中小学教科书全部采用绿色印刷。 按照国家环境标准（HJ2503-2011) 《环 境标志产品技术要求 印刷 第一部分：平版印 刷》，绿色印刷选用环保型纸张、油墨、胶水 等原辅材料，生产过程注重节能减排，印刷产 品符合人体健康要求。 让我们携起手来，支持绿色印刷，选择绿 色印刷产品，共同关爱环境，一起健康成长！ 北京市绿色印刷工程 义务教育教科书 音 乐 （简 谱） 六年级·下册 787×1092 毫米 16 开 4 印张 2015 年 1月北京第 1 版 2017 年 1 月北京第 3 次印刷 ISBN 978-7-103-04246-5 定价：8.70 元 审批号：发改价格［2012］1658 号 全国价格举报电话：12358 如发现印装质量问题请与人民音乐出版社联系 电话：010-58110572 人民音乐出版社出版发行 北京美通印刷有限公司印刷 和 平 颂 （片段） —— 选自《第二交响乐—和平颂》 赵季平曲 52 这段旋律在乐曲中多次出现，你能说出旋律每次出现 时的变化吗？ 随音乐哼唱主题旋律，并试着为旋律编创歌词，表达 对和平的赞颂。 1. ２. 53 冼星海 刘天华 舒伯特 放 飞 理 想 你认识上面的音乐常用记号吗？比一比，看谁 答得又对又快。 1. 56 你知道上面这些音乐家吗？ 你能说出他们的国籍和代表 作吗？ 柴科夫斯基 莫扎特 聂 耳 贝多芬 贺绿汀 冼星海 刘天华 放 飞 理 想 2. 57 拍手拍手 游子吟 滑雪歌 58 转圆圈 榕树爷爷 永远是 朋友 DO RE MI 3. 你能背唱2—3首歌曲吗？ 4. 你能用指挥手势指挥同学唱歌吗？ 5. 开一个赛歌会，比一比，看谁会唱的歌曲最多。 59 ိ\u0001\u0001\u0001\u0001ጟ ށ\u0001\u0001\u0001\u0001Ր ိ\u0001\u0001\u0001\u0001ጟ ށ\u0001\u0001\u0001\u0001Ր ိ\u0001\u0001\u0001\u0001ጟ ށ\u0001\u0001\u0001\u0001Ր",
      "metadata": {
        "chunkIndex": 0,
        "source": "六年级下册音乐人音版（简谱）电子课本.pdf",
        "contentCleaned": false,
        "originalLength": 1380,
        "cleanedLength": 1380,
        "qualityScore": 3
      },
      "embedding": [
        -0.042221907526254654, 0.03180374950170517, -0.024563662707805634,
        -0.08375129848718643, -0.06096251308917999, -0.0058976514264941216,
        -0.07299625873565674, 0.018851812928915024, -0.024298472329974174,
        0.0012235117610543966, 0.15024662017822266, -0.019937381148338318,
        0.03455546125769615, 0.014700165018439293, -0.05397944152355194,
        -0.009889118373394012, -0.10840906202793121, 0.0377008318901062,
        -0.03441797196865082, 0.009301538579165936, -0.01367185264825821,
        -0.06651455909013748, 0.02881702035665512, -0.054221659898757935,
        0.03242773190140724, 0.06721565872430801, -0.02448846399784088,
        0.06674036383628845, 0.0023919465020298958, -0.0470551922917366,
        -0.05546172335743904, 0.09992597252130508, 0.02011827751994133,
        -0.04203696548938751, 0.10288824886083603, 0.028039533644914627,
        -0.008677528239786625, 0.0056238602846860886, -0.001640339265577495,
        0.030673330649733543, -0.018898429349064827, 0.01969161629676819,
        0.024655962362885475, -0.034852027893066406, -0.01706661470234394,
        0.031046632677316666, -0.017087344080209732, -0.016328496858477592,
        -0.11113805323839188, -0.042223747819662094, 0.005055764690041542,
        -0.0051976474933326244, 0.004595229402184486, 0.03631279617547989,
        -0.012800454162061214, -0.026263367384672165, -0.053482357412576675,
        0.008542200550436974, 0.014313796535134315, -0.007122370880097151,
        -0.03735915943980217, 0.08578502386808395, -0.018220843747258186,
        -0.037176843732595444, -0.06326835602521896, -0.01758313924074173,
        -0.0021605014335364103, -0.013013498857617378, -0.021970849484205246,
        -0.02858704701066017, -0.00981585681438446, -0.03592538461089134,
        -0.019824547693133354, -0.03194024786353111, -0.031012199819087982,
        0.020563261583447456, -0.026806989684700966, 0.022035766392946243,
        -0.03786946088075638, -0.15834923088550568, -0.04479570686817169,
        -0.009209002368152142, 0.05725841969251633, -0.05659997835755348,
        -0.08590424060821533, 0.054902561008930206, -0.012931265868246555,
        -0.0788002610206604, 0.11557842791080475, -0.01896660216152668,
        0.06191522255539894, 0.020007072016596794, -0.0064341784454882145,
        0.006717735901474953, 0.02871500328183174, 0.009613093920052052,
        0.06940410286188126, 0.09159167110919952, 0.031689200550317764,
        0.010865786112844944, 0.056750331073999405, -0.08394518494606018,
        -0.054196666926145554, -0.02313249371945858, -0.027200041338801384,
        -0.06622973829507828, -0.026541296392679214, 0.01123759150505066,
        0.06573009490966797, -0.0365312285721302, -0.04103048890829086,
        -0.02945367805659771, -0.031788963824510574, -0.05328066274523735,
        -0.033352479338645935, 0.012303890660405159, -0.018176434561610222,
        -0.09398217499256134, 0.02860814332962036, 0.029741773381829262,
        0.047471143305301666, -0.012408549897372723, -0.05849668011069298,
        0.007258809637278318, -0.12367869913578033, 0.019252795726060867,
        -0.0017204460455104709, 2.441397074192271e-33, -0.023219482973217964,
        0.029278548434376717, -0.020118502900004387, -0.04583771899342537,
        0.00316064921207726, -0.06659499555826187, -0.006631501950323582,
        -0.03928426280617714, 0.005817232187837362, -0.027500605210661888,
        -0.028052302077412605, 0.033835288137197495, -0.13254468142986298,
        -0.038822297006845474, -0.04220534488558769, -0.04766678810119629,
        -0.03748245909810066, -0.0371658056974411, 0.014875761233270168,
        -0.05211237072944641, 0.030590547248721123, -0.01982167549431324,
        0.029129134491086006, -0.05325089395046234, 0.03798771649599075,
        0.006704190280288458, 0.019947966560721397, -0.03808807209134102,
        -0.05673404410481453, 0.029233451932668686, 0.09067249298095703,
        -0.016136540099978447, -0.05543305724859238, -0.03524264693260193,
        -0.08106744289398193, -0.016106657683849335, 0.05032350867986679,
        -0.011169541627168655, -0.012719069607555866, -0.010772252455353737,
        -0.018954262137413025, 0.01201725285500288, 0.0418994203209877,
        0.07359807193279266, 0.09195996075868607, -0.04238486662507057,
        -0.014271975494921207, -0.000774829532019794, 0.07719641178846359,
        -0.07794108241796494, -0.09377603977918625, 0.025321289896965027,
        -0.018281593918800354, -0.033443253487348557, -0.0080137699842453,
        -0.04820415750145912, -0.02349061146378517, 0.029897119849920273,
        -0.062510646879673, 0.007979798130691051, -0.004314616788178682,
        0.034141045063734055, 0.001282583107240498, -0.006864097435027361,
        0.12280500680208206, 0.07280360162258148, -0.03084239922463894,
        0.0004963150131516159, -0.001914591179229319, -0.10341761261224747,
        -0.10732083022594452, -0.047314081341028214, 0.13782431185245514,
        0.020721865817904472, 0.024015288800001144, -0.05946844816207886,
        -0.04624246805906296, 0.0699814036488533, 0.020373469218611717,
        -0.09358151257038116, -0.09211764484643936, -0.021078191697597504,
        -0.09475408494472504, -0.002919939812272787, -0.07373662292957306,
        -0.006921602878719568, 0.10412003099918365, 0.05143876001238823,
        0.009231554344296455, -0.014473965391516685, -0.04216475039720535,
        -0.013479267247021198, -0.01563851535320282, 0.008085397072136402,
        0.025252504274249077, -9.532912414335259e-33, -0.010382219217717648,
        0.022298606112599373, -0.03991679847240448, 0.0019119599601253867,
        0.03173114359378815, -0.029723232612013817, 0.039738528430461884,
        0.0629030093550682, 0.021077238023281097, 0.0075254677794873714,
        0.022340314462780952, 0.007187499199062586, -0.04218590259552002,
        0.005965193267911673, -0.030286919325590134, 0.018017549067735672,
        -0.0018372006015852094, 0.09699702262878418, -0.035866815596818924,
        -0.03528181463479996, -0.030057352036237717, -0.017839962616562843,
