{
  "filename": "一年级下册音乐人音版（简谱）电子课本.pdf",
  "totalPages": 73,
  "totalChunks": 1,
  "chunks": [
    {
      "content": "义务教育教科书 音 乐 （简 谱） 一年级·下册 787×1092 毫米 16 开 4 印张 2013 年 1 月北京第 1 版 2017 年 1 月北京第 6 次印刷 ISBN 978-7-103-04259-5 定价：8.65 元 价格依据文件号：京发改规［2016］13号 全国价格举报电话：12358 如发现印装质量问题请与人民音乐出版社联系 电话：010-58110572 人民音乐出版社出版发行 北京美通印刷有限公司印刷 义务教育教科书 ( 简谱 ) 一年级·下册 绿色印刷 保护环境 爱护健康 亲爱的同学： 你手中的这本教科书采用绿色印刷方式印 制，在它的封底印有“绿色印刷产品”标志。 从 2013 年秋季学期起，北京地区出版并使用的 义务教育阶段中小学教科书全部采用绿色印刷。 按照国家环境标准（HJ2503-2011) 《环 境标志产品技术要求 印刷 第一部分：平版印 刷》，绿色印刷选用环保型纸张、油墨、胶水 等原辅材料，生产过程注重节能减排，印刷产 品符合人体健康要求。 让我们携起手来，支持绿色印刷，选择绿 色印刷产品，共同关爱环境，一起健康成长！ 北京市绿色印刷工程 43 用声音模仿下面各组发出的声音，哪个高？哪个低？ 听音乐片断感受音的高低，并用动作表示。 2. 3.",
      "metadata": {
        "chunkIndex": 0,
        "source": "一年级下册音乐人音版（简谱）电子课本.pdf",
        "contentCleaned": false,
        "originalLength": 550,
        "cleanedLength": 550,
        "qualityScore": 3
      },
      "embedding": [
        -0.018939705565571785, 0.02701147459447384, -0.002378205768764019,
        -0.07121066004037857, -0.05249502509832382, 0.03186176344752312,
        -0.06242387369275093, 0.01492853369563818, -0.013211477547883987,
        0.0022130729630589485, 0.16616670787334442, -0.020052647218108177,
        0.035049691796302795, 0.011474290862679482, -0.043937087059020996,
        0.002858781721442938, -0.08019287139177322, 0.06786826252937317,
        -0.042145986109972, 0.03913427144289017, -0.006918067578226328,
        -0.064689040184021, 0.008845701813697815, -0.045535411685705185,
        0.02840602956712246, 0.06511382013559341, -0.04850868880748749,
        0.05573245882987976, -0.006038691848516464, -0.005512443836778402,
        -0.0849413126707077, 0.12514303624629974, 0.0032799136824905872,
        -0.004593359772115946, 0.10862863063812256, 0.0013093212619423866,
        0.008180221542716026, 0.025141863152384758, 0.01565852016210556,
        0.045067623257637024, -0.012990971095860004, -0.029041139408946037,
        0.03570549562573433, -0.0035206626635044813, -0.03727475926280022,
        0.040443502366542816, -0.010763903148472309, -0.030798109248280525,
        -0.10224370658397675, 0.0032202256843447685, -0.015711799263954163,
        0.019193755462765694, -0.0003615951573010534, 0.050235018134117126,
        -0.02907269075512886, 0.010969324968755245, -0.07509814947843552,
        -0.001401171670295298, -0.021098099648952484, -0.011957854963839054,
        -0.08074497431516647, 0.05991065502166748, -0.01469570305198431,
        -0.016925057396292686, -0.05289595201611519, -0.012071827426552773,
        0.004863330628722906, -0.020830098539590836, -0.04176434129476547,
        -0.038956061005592346, -0.014321738854050636, -0.04475255310535431,
        -0.04456677287817001, -0.007047378458082676, -0.029849255457520485,
        0.02090398408472538, -0.006702486891299486, 0.02051263302564621,
        -0.04762733727693558, -0.183797225356102, -0.0426579974591732,
        0.010915028862655163, 0.046094801276922226, -0.050161752849817276,
        -0.06303168833255768, 0.019407419487833977, -0.03057560697197914,
        -0.07330815494060516, 0.0929422527551651, -0.02557760290801525,
        0.09985347837209702, 0.004440488293766975, 0.008400686085224152,
        0.004184048622846603, 0.04041527211666107, -0.0005163835594430566,
        0.03589770197868347, 0.09168641269207001, 0.028511060401797295,
        -0.005845694337040186, 0.0502992682158947, -0.08064208924770355,
        -0.062129680067300797, -0.016343407332897186, -0.0622994638979435,
        -0.062204908579587936, -0.028795327991247177, 0.0022757560946047306,
        0.048704929649829865, -0.022236831486225128, -0.04062963277101517,
        -0.010166649706661701, -0.04015737026929855, -0.05048380047082901,
        -0.03085186518728733, 0.034128379076719284, -0.0010126731358468533,
        -0.08090458810329437, 0.042227886617183685, 0.02025246061384678,
        0.04509129747748375, 0.001239825738593936, -0.057304151356220245,
        -0.037007324397563934, -0.15192624926567078, -0.005647057201713324,
        0.0173440370708704, 1.7567546341268154e-33, -0.05533594638109207,
        0.027662502601742744, -0.01351088471710682, -0.04587731137871742,
        0.011658178642392159, -0.06672612577676773, 0.0016460517654195428,
        -0.01401442289352417, 0.01029393170028925, -0.006157717667520046,
        -0.037468139082193375, 0.06180010735988617, -0.11063805222511292,
        -0.048017386347055435, -0.05427096411585808, 0.019172795116901398,
        -0.029337983578443527, -0.019176781177520752, 0.04510198161005974,
        -0.02792361192405224, 0.03629912808537483, 0.006081314291805029,
        0.037498701363801956, -0.016285689547657967, 0.025605663657188416,
        0.012216273695230484, 0.016579141840338707, -0.009559143334627151,
        -0.058376677334308624, 0.028429977595806122, 0.08110873401165009,
        -0.03616315498948097, -0.018923290073871613, -0.05104753375053406,
        -0.08308631926774979, -0.0035360835026949644, 0.0764484778046608,
        -0.03274129331111908, 0.012579760514199734, -0.052567258477211,
        -0.05046715587377548, 0.03661578893661499, 0.08730504661798477,
        0.054976366460323334, 0.07800551503896713, -0.017349418252706528,
        -0.00374134024605155, -0.0006982791237533092, 0.09214908629655838,
        -0.05635515972971916, -0.08003098517656326, -0.0026021641679108143,
        -0.007186365779489279, -0.023751750588417053, 0.0044622416608035564,
        -0.02781606651842594, -0.06637730449438095, 0.05900801345705986,
        -0.06580749899148941, -0.004487402271479368, -0.008821219205856323,
        0.05233592540025711, 0.0070679145865142345, -0.003668165998533368,
        0.087154321372509, 0.0726669579744339, -0.04505498334765434,
        0.008916042745113373, 0.019974280148744583, -0.06991007924079895,
        -0.07871431112289429, -0.011361629702150822, 0.09180905669927597,
        0.008957632817327976, 0.04998302832245827, -0.03549651801586151,
        -0.02781618945300579, 0.05856165289878845, 0.0304043460637331,
        -0.09205951541662216, -0.10193923115730286, -0.0015250137075781822,
        -0.11192779242992401, 0.02464701049029827, -0.08966757357120514,
        0.03557029739022255, 0.1316971480846405, 0.04908449947834015,
        0.048010822385549545, -0.013536607846617699, -0.012681271880865097,
        -0.02561367303133011, -0.04217164218425751, 0.018972931429743767,
        0.009172096848487854, -8.147767911359847e-33, -0.024199828505516052,
        0.025959046557545662, -0.02584247663617134, 0.028327520936727524,
        0.020438767969608307, -0.04418547824025154, 0.054946571588516235,
        0.04746868088841438, 0.04260820150375366, -0.012617974542081356,
        0.03278515115380287, -0.0047256601974368095, -0.09064049273729324,
        -0.012018394656479359, -0.04697038605809212, 0.011135846376419067,
        -0.017394308000802994, 0.09559538215398788, -0.04868151992559433,
        -0.004932397976517677, -0.022547490894794464, 0.021845705807209015,
        -0.11684626340866089, 0.022183280438184738, 0.001977735897526145,
        0.038323186337947845, 0.008369137533009052, -0.06816276907920837,
        0.0010334053076803684, 0.07685622572898865, -0.004660771228373051,
        0.014421840198338032, -0.04504046589136124, 0.11948391050100327,
        -0.08096693456172943, -0.14580793678760529, 0.006947836838662624,
        -0.0034195042680948973, -0.05927826091647148, 0.01982397399842739,
        0.010990992188453674, -0.05801721289753914, 0.07803349941968918,
        0.008016355335712433, 0.00736662931740284, -0.021479500457644463,
        0.013571498915553093, -0.05458300560712814, 0.018635563552379608,
        -0.01522696204483509, 0.06342123448848724, 0.022137219086289406,
        -0.02472684346139431, -0.03341512382030487, 0.01816156692802906,
        0.04076754301786423, -0.008455097675323486, -0.05962570384144783,
        -0.11601414531469345, -0.049764834344387054, 0.045053210109472275,
