{
  "filename": "湘教版数学八年级下册教师用书.pdf",
  "totalPages": 99,
  "totalChunks": 1,
  "chunks": [
    {
      "content": "“探究”栏目探索一条非常 重要的结论 ，其探索过程有两点 要注意 ： 一是在课文的呈现方式上突 出直观操作 （合情推理）和证明 （演绎推理）相结合.\u0000这一做法 既是一种科学的数学思维方式的 培养 ，同时还有利于实现增强学 生发现和提出问题的能力 、分析 和解决问题的能力的课标要求 .\u0000 按照这一培养思路，教师应让学 生自主画直角三角形 、斜边的中 线 ， 并测量比较两条线段的长 度 ，获得猜想，这是科学探究非 常重要的一步 . 二是在证明方式上运用了两 次全等证明 .\u0000限于学生目前已掌 握的知识 ，此处用全等证明是一 条较适宜的思路 ， 另一种间接证 明法 ———“同一法”，由于以往很 少接触 ，对学生来说有一定难 度 ，教师可以展示证明过程，让 学生体会证明的方法 ，但不要求 学生掌握 . 资源拓展 “ 同一法”属于间接证明法的一种.用“同一法”证明的一般步骤是：（1）不从已知条件入手， 先作出一个符合结论特征的图形；（2）证明所作的图形符合已知条件；（3）根据唯一性原则，推证 出所作图形与已知图形为同一图形 .教材“探究”栏目用“同一法”证明过程如下： 如图1-3，如果中线ＣＤ＝ 1 2 AＢ， 则有∠ＤＣＡ＝∠Ａ.由此受到启发，在下图的Rt△ＡＢＣ中，过直 角顶点 Ｃ作射线CＤ′交AB于Ｄ′，使∠Ｄ′ＣＡ＝∠Ａ，则CＤ′＝AＤ′. 又∵∠Ａ+∠B＝90°，∠Ｄ′ＣＡ+∠Ｄ′ＣB＝90°， ∴∠B=∠Ｄ′ＣB.∴CD′=BD′. 故得 CD′＝AD′＝BD′＝ 1 2 AＢ. ∴点D′是斜边AB上的中点，即CD′是斜边AB的中线. 从而CD与CD′重合，且CD＝ 1 2 AＢ. 5 例7是判定定理3的应用.这 类问题有一定的典型性 ，教师可 适当补充该类型例题 . 例8的证明需用到平行四边 形的定义 ，它的结论实际上也是 一条平行四边形的判定方法 . 补充例题（ 开放探究型问题） 如图，△ABC中，点O是AC边上的一个动点，过点O作直线MN∥BC交∠ACB的平分线于点E，交 ∠ACB的外角平分线于点F. （1） 请说明 EO＝FO. （2） 当点O在AC上运动到何处时，四边形AECF是平行四边形？并说明理由.（提示：运动到AC的 中点 .） 57",
      "metadata": {
        "chunkIndex": 0,
        "source": "湘教版数学八年级下册教师用书.pdf",
        "contentCleaned": false,
        "originalLength": 941,
        "cleanedLength": 941,
        "qualityScore": 3
      },
      "embedding": [
        -0.05016838386654854, -0.011695140041410923, -0.025600217282772064,
        -0.07544936239719391, -0.05078653618693352, 0.004892295692116022,
        -0.0494372732937336, 0.000639509002212435, 0.041106920689344406,
        0.010188931599259377, 0.13150306046009064, 0.0440496988594532,
        0.0662216767668724, 0.018295567482709885, 0.007519652135670185,
        0.008783928118646145, -0.09117069095373154, 0.07877274602651596,
        -0.047826822847127914, 0.08914317935705185, -0.027487222105264664,
        -0.06210479512810707, -0.0174376480281353, -0.011815382167696953,
        -0.049471624195575714, 0.06075611338019371, -0.01474833209067583,
        0.07923215627670288, 0.04173166677355766, -0.057272061705589294,
        -0.044187042862176895, 0.11063353717327118, 0.012809493578970432,
        0.007543022278696299, 0.01833384297788143, 0.017382070422172546,
        0.004208788741379976, 0.01771712489426136, -0.02430669777095318,
        0.0818009078502655, -0.02105158567428589, 0.011187576688826084,
        0.025421688333153725, -0.02737465128302574, -0.015990950167179108,
        0.028150007128715515, -0.08134452998638153, -0.04861036688089371,
        -0.10639296472072601, -0.06388101726770401, -0.0283344779163599,
        0.016677003353834152, 0.0009337305673398077, 0.04844390228390694,
        -0.005191550590097904, 0.027583735063672066, -0.0063951266929507256,
        -0.010632842779159546, -0.018190789967775345, -0.03186028078198433,
        -0.037024468183517456, 0.02059239149093628, 0.008783131837844849,
        -0.016882307827472687, -0.04971351847052574, 0.03469584509730339,
        0.013802963308990002, 0.015275239013135433, -0.022920528426766396,
        0.042862556874752045, -0.0330531932413578, -0.04460694268345833,
        0.0056352075189352036, 0.03534587100148201, 0.04218484088778496,
        0.04402221739292145, 0.04687797278165817, 0.012899610213935375,
        -0.06913962960243225, -0.13102246820926666, -0.09940191358327866,
        0.029360193759202957, 0.013537207618355751, -0.0542820580303669,
        -0.04682767763733864, 0.011600255034863949, -0.09283454716205597,
        -0.07437469065189362, 0.1405295878648758, -0.050025373697280884,
        0.03229064866900444, 0.020576026290655136, -0.008973957970738411,
        -0.03605411946773529, 0.05393170192837715, -0.032664693892002106,
        0.03631051257252693, 0.010285730473697186, 0.013669956475496292,
        -0.02855372056365013, 0.023428410291671753, -0.07253700494766235,
        -0.08011268079280853, -0.05743170157074928, 0.03380189090967178,
        -0.049134511500597, 0.01960444636642933, -0.01766446977853775,
        0.08444352447986603, -0.0038850896526128054, -0.03841323032975197,
        -0.022595779970288277, 0.008883971720933914, -0.04260154068470001,
        -0.01021012756973505, 0.012603038921952248, 0.047966260462999344,
        -0.03131786361336708, 0.0763031616806984, 0.0044718156568706036,
        0.07456748932600021, -0.02127940207719803, -0.058544039726257324,
        -0.03758528456091881, -0.1163916140794754, -0.047993581742048264,
        -0.031643692404031754, 3.965965033573295e-34, -0.01331206876784563,
        0.05678292736411095, -0.024959780275821686, -0.06202205643057823,
        0.04407820850610733, -0.0286669060587883, 0.04244095832109451,
        0.0066229370422661304, 0.0036883342545479536, -0.000021835241568624042,
        -0.025228723883628845, 0.10794714838266373, -0.1052035391330719,
        0.045472465455532074, -0.0745164304971695, -0.035712480545043945,
        -0.02739272266626358, 0.013420246541500092, -0.0008988131885416806,
        -0.02847364731132984, 0.056147679686546326, 0.03095661662518978,
        0.04171774536371231, 0.027264591306447983, -0.004381147213280201,
        -0.021908564493060112, 0.024528633803129196, 0.033067699521780014,
        -0.05729474499821663, -0.011393263004720211, 0.03387553244829178,
        -0.04662676528096199, -0.03990430012345314, -0.066464863717556,
        -0.10283144563436508, 0.02843855507671833, 0.027322279289364815,
        0.009553786367177963, 0.002582476008683443, -0.036028508096933365,
        -0.06503341346979141, 0.021560026332736015, 0.07333391904830933,
        0.028197389096021652, 0.07167989015579224, -0.023013398051261902,
        -0.04074307158589363, -0.010912824422121048, 0.05775747448205948,
        -0.07379864156246185, -0.0933360755443573, 0.001228015753440559,
        0.02798251248896122, -0.052436888217926025, 0.010829826816916466,
        -0.0240977481007576, -0.0928427204489708, 0.08768927305936813,
        -0.0581774041056633, 0.008098497986793518, -0.006113838404417038,
        0.04087802767753601, -0.032902151346206665, -0.008976264856755733,
        0.04137394204735756, 0.06084075942635536, -0.054353274405002594,
        -0.02928059920668602, 0.027166688814759254, -0.09047777950763702,
        -0.061381109058856964, 0.03521937504410744, -0.0048736645840108395,
        -0.042559072375297546, 0.027698827907443047, -0.1076505184173584,
        -0.0700010135769844, 0.019081085920333862, 0.033352866768836975,
        -0.11372242867946625, -0.06438044458627701, 0.024780886247754097,
        -0.05777499079704285, -0.019206354394555092, -0.1497163474559784,
        0.0000011577251370908925, 0.10593942552804947, 0.05876815319061279,
        -0.012064378708600998, -0.026591522619128227, -0.061944298446178436,
        0.011309735476970673, 0.01464503351598978, 0.022288484498858452,
        0.03982748091220856, -7.031398722332013e-33, -0.007489063311368227,
        0.0207041148096323, 0.010052152909338474, 0.049645449966192245,
        0.0023469633888453245, -0.0009315899224020541, 0.0675545185804367,
        0.004280950874090195, 0.002867902396246791, -0.047417089343070984,
        -0.0043321577832102776, -0.01445232518017292, -0.12014935165643692,
        -0.07352910190820694, -0.046070076525211334, 0.00607830286026001,
        -0.04885977879166603, 0.07731737941503525, 0.005313463043421507,
        -0.012881102971732616, 0.016931163147091866, 0.06984066963195801,
        -0.08071397989988327, -0.03348357602953911, -0.033097993582487106,
        -0.0009977493900805712, -0.0017368053086102009, -0.003106555435806513,
        0.008549151010811329, 0.09631464630365372, 0.03412412852048874,
        -0.015689101070165634, -0.03013624995946884, 0.09710505604743958,
        -0.049212779849767685, -0.12400918453931808, -0.026520375162363052,
        0.03157954663038254, -0.07659798115491867, -0.01614317111670971,
        0.03361699730157852, -0.06506969779729843, 0.08586504310369492,
        -0.02096329815685749, 0.029589693993330002, -0.014799746684730053,
