{
  "filename": "人教版语文八年级下册电子课本.pdf",
  "totalPages": 141,
  "totalChunks": 1,
  "chunks": [
    {
      "content": "I J r 目录 第一单元 阅读 1社戏／鲁迅 2 2春酒／琦君 10 3\"安塞腰鼓／刘成章 14 4:il<庆祝旧历元旦I林语堂 17 写作 学习仿写 21 口语交际应对 23 第二单元 阅读 5大自然的语言／竺可桢 26 6 阿西莫夫短文两篇 31 恐龙无处不有 被压扁的沙子 7 \"' 大雁归来／利奥波德 37 8*时间的脚印／陶世龙 41 写作说明的顺序 45 综合性学习 倡导低碳生活 47 第三单元 阅读 9桃花源记I陶渊明 52 rn 小石漳记I柳宗元 56 H*核舟记／魏学浮 58 目录 I",
      "metadata": {
        "chunkIndex": 0,
        "source": "人教版语文八年级下册电子课本.pdf",
        "contentCleaned": false,
        "originalLength": 254,
        "cleanedLength": 254,
        "qualityScore": 3
      },
      "embedding": [
        -0.005462016444653273, 0.05883374437689781, -0.028265351429581642,
        0.008380183950066566, -0.028801225125789642, -0.007954850792884827,
        -0.03717225417494774, 0.011063093319535255, 0.006657178979367018,
        -0.007060852833092213, 0.11440394818782806, -0.061394572257995605,
        0.0355326384305954, -0.035383425652980804, -0.046704862266778946,
        -0.04428405687212944, -0.07729674875736237, 0.025167562067508698,
        -0.04155527800321579, 0.046140994876623154, 0.012000973336398602,
        -0.09780922532081604, -0.006461324170231819, 0.0037804238963872194,
        0.012058088555932045, 0.02026314288377762, -0.055879369378089905,
        0.04161132499575615, 0.03476986289024353, -0.03161628171801567,
        -0.07210095226764679, 0.11239372193813324, 0.049346063286066055,
        0.019345471635460854, -0.009509309194982052, -0.048364654183387756,
        0.04931069537997246, 0.042263105511665344, 0.007503591477870941,
        0.05742257460951805, -0.009478127583861351, -0.02711399644613266,
        0.08285366743803024, -0.04429662600159645, 0.00804251991212368,
        0.0044679888524115086, 0.00475216843187809, 0.009992003440856934,
        -0.04855048283934593, -0.003657742403447628, -0.005318223964422941,
        0.05180255323648453, -0.007001485675573349, 0.07836627960205078,
        0.0025806103367358446, 0.010897793807089329, -0.03369876369833946,
        -0.05873826891183853, 0.013041072525084019, 0.0580536425113678,
        -0.019099712371826172, 0.1136903241276741, 0.005773597862571478,
        -0.0028982865624129772, -0.07447771728038788, -0.028345638886094093,
        0.044717803597450256, -0.03563149273395538, -0.10091638565063477,
        0.026781432330608368, 0.033954307436943054, -0.056262556463479996,
        -0.002487610327079892, -0.011309345252811909, -0.038407377898693085,
        0.00042017546365968883, -0.031820010393857956, -0.08151467889547348,
        -0.09297803789377213, -0.08788380026817322, -0.11162886023521423,
        0.02725844271481037, 0.010015711188316345, -0.008805633522570133,
        -0.06723136454820633, 0.05044839531183243, -0.004235998727381229,
        -0.04316593334078789, 0.06946094334125519, -0.03538083657622337,
        0.0404784269630909, 0.021878788247704506, -0.04318835586309433,
        0.07200571149587631, -0.03902381286025047, 0.03483927994966507,
        0.06475566327571869, 0.042429111897945404, -0.012366870418190956,
        -0.024456879124045372, 0.011439954861998558, -0.012627379037439823,
        0.0521465465426445, -0.05387617275118828, -0.05815722420811653,
        -0.06348422169685364, 0.0006092592375352979, -0.010252196341753006,
        0.007244558073580265, -0.025512337684631348, -0.022650867700576782,
        -0.001222427235916257, -0.040962375700473785, -0.00040486123180016875,
        -0.012270207516849041, -0.025164850056171417, -0.01801583729684353,
        -0.09214223921298981, -0.010026673786342144, 0.014365701004862785,
        0.08388639986515045, -0.012907919473946095, -0.07006856799125671,
        -0.04087722674012184, -0.141153022646904, 0.013292189687490463,
        -0.03701634705066681, -2.1014080625022235e-34, -0.02697245217859745,
        0.07746659219264984, 0.029947148635983467, -0.008434328250586987,
        0.008728984743356705, -0.11633403599262238, -0.04063175991177559,
        -0.008069128729403019, 0.006181920412927866, 0.07234511524438858,
        -0.00279198307543993, 0.04623406380414963, -0.07387649267911911,
        -0.00010447470413055271, -0.0005100671551190317, -0.027524428442120552,
        -0.05129414051771164, -0.0567539781332016, -0.019254138693213463,
        -0.07121602445840836, 0.01306107360869646, 0.021694859489798546,
        0.03345621004700661, -0.06727718561887741, 0.033601246774196625,
        0.016641974449157715, 0.055868372321128845, -0.030696608126163483,
        -0.0382230244576931, 0.03126112371683121, 0.053150054067373276,
        -0.018198078498244286, 0.015477841719985008, -0.04721495136618614,
        -0.06626478582620621, 0.009556252509355545, 0.031386177986860275,
        -0.04457858204841614, 0.020028039813041687, 0.01894269324839115,
        0.011838135309517384, 0.018545983359217644, 0.06799165904521942,
        0.0899941623210907, 0.08497819304466248, 0.11342012137174606,
        0.06283631175756454, -0.005096644163131714, 0.012405878864228725,
        -0.058595865964889526, -0.07815515249967575, 0.012204441241919994,
        0.0050269789062440395, 0.008814308792352676, 0.04260390251874924,
        -0.05738856643438339, -0.00881131924688816, -0.017241740599274635,
        -0.07544426620006561, 0.005153517238795757, -0.053664274513721466,
        0.01846887730062008, -0.035258807241916656, 0.07342533022165298,
        0.012432625517249107, 0.04886050894856453, -0.0710294172167778,
        0.018894508481025696, 0.01155964657664299, -0.08066311478614807,
        -0.022699112072587013, 0.016495002433657646, 0.05434028059244156,
        -0.031191060319542885, 0.010391018353402615, 0.004711938090622425,
        -0.03712433949112892, 0.021393898874521255, 0.010461962781846523,
        -0.041490841656923294, -0.0791020467877388, -0.0033459803089499474,
        -0.06803023815155029, -0.043051403015851974, -0.04229845479130745,
        0.0011073712958022952, 0.08381247520446777, 0.06004146859049797,
        -0.007727913558483124, -0.0483572892844677, -0.11149314790964127,
        -0.032203566282987595, 0.1077679768204689, -0.05509931594133377,
        -0.07550925761461258, -4.3596488364167296e-33, -0.0908251702785492,
        -0.007283845450729132, 0.002393543254584074, 0.07055053859949112,
        0.08291298896074295, 0.02213604561984539, 0.039544153958559036,
        0.08119691163301468, -0.022336266934871674, -0.05046604573726654,
        0.012863893993198872, 0.019497906789183617, -0.04829481616616249,
        -0.055096860975027084, 0.04996476322412491, 0.024102382361888885,
        0.020548665896058083, 0.13041196763515472, -0.06369923055171967,
        -0.03940580040216446, -0.019242070615291595, 0.01750442013144493,
        -0.14795012772083282, 0.058689143508672714, -0.03342181071639061,
        0.11109033972024918, -0.03217890486121178, -0.15171270072460175,
        -0.014799359254539013, 0.1021178737282753, 0.017116546630859375,
        -0.09330028295516968, -0.0013494060840457678, 0.07760187238454819,
        -0.010992376133799553, -0.06096507981419563, 0.016627894714474678,
        -0.04101516306400299, -0.09463293105363846, 0.06085249036550522,
        -0.02719218283891678, -0.06579454988241196, 0.11124461144208908,
        0.05251210182905197, 0.0008665569475851953, -0.016876405104994774,
        -0.007656646426767111, -0.07034493237733841, 0.008150934241712093,
        0.021115412935614586, 0.06425650417804718, 0.018377119675278664,
        -0.0005571276997216046, -0.05131912976503372, 0.00004548006836557761,
        -0.010786664672195911, -0.014762775972485542, -0.01711096614599228,
        -0.07846715301275253, -0.06629308313131332, 0.0036208753008395433,
        0.08302571624517441, -0.008497518487274647, 0.07349399477243423,
        -0.009045666083693504, -0.023661818355321884, 0.06485749036073685,
        -0.03508523479104042, 0.002554729115217924, -0.0698021948337555,
        0.027530059218406677, 0.026703210547566414, -0.001068128040060401,
