{
  "filename": "五年级下册数学人教版电子课本.pdf",
  "totalPages": 129,
  "totalChunks": 1,
  "chunks": [
    {
      "content": "义务教育教科书 SHUXUE 五年级下册",
      "metadata": {
        "chunkIndex": 0,
        "source": "五年级下册数学人教版电子课本.pdf",
        "contentCleaned": false,
        "originalLength": 20,
        "cleanedLength": 20,
        "qualityScore": 3
      },
      "embedding": [
        -0.0026258789002895355, 0.1036292016506195, 0.06543047726154327,
        -0.045707326382398605, -0.0637483075261116, 0.05442816764116287,
        0.05260339751839638, -0.019879037514328957, 0.008314012549817562,
        -0.007754085119813681, 0.1689968854188919, -0.1611427217721939,
        0.06828233599662781, -0.046036720275878906, -0.01638137176632881,
        -0.02934245765209198, -0.08299009501934052, 0.08136672526597977,
        0.001470807590521872, -0.05441617965698242, 0.03251839801669121,
        -0.009711467660963535, -0.013233589008450508, 0.09200436621904373,
        -0.059004221111536026, 0.020849132910370827, -0.0545615628361702,
        -0.00006427215703297406, 0.04508868232369423, 0.05057941749691963,
        -0.020580407232046127, 0.12806665897369385, 0.042836811393499374,
        -0.019881952553987503, 0.025361232459545135, 0.019310979172587395,
        -0.02466614730656147, -0.010332678444683552, 0.015501194633543491,
        0.08805707842111588, -0.08170324563980103, -0.07774169743061066,
        0.047040678560733795, -0.09016686677932739, -0.0027249727863818407,
        0.0485130175948143, -0.035163335502147675, 0.008654670789837837,
        0.012346643023192883, 0.0035824228543788195, -0.028058607131242752,
        -0.007015183102339506, -0.04283491149544716, 0.003783500986173749,
        0.009835991077125072, -0.03559781610965729, -0.05889708921313286,
        -0.061777789145708084, 0.01692982204258442, -0.021069196984171867,
        -0.05085619166493416, 0.04853592440485954, -0.0037295238580554724,
        0.014186694286763668, -0.07255247235298157, -0.03549851104617119,
        0.06751375645399094, -0.06276209652423859, -0.0036836089566349983,
        0.023747269064188004, 0.017998110502958298, -0.0609477274119854,
        0.04808368161320686, 0.0033860180992633104, -0.05308295413851738,
        -0.05540056154131889, 0.03097948431968689, -0.013903225772082806,
        -0.013264656998217106, -0.11064973473548889, -0.048758503049612045,
        0.02499949000775814, 0.08120721578598022, 0.006310887634754181,
        -0.07538686692714691, 0.03431127592921257, -0.09879688173532486,
        -0.012950034812092781, -0.007709142751991749, -0.032718367874622345,
        0.01947515457868576, 0.028994543477892876, 0.01616271771490574,
        0.08055989444255829, -0.026278696954250336, -0.010655960999429226,
        0.03293426334857941, -0.012384558096528053, -0.05050662159919739,
        0.03275665268301964, 0.0416925884783268, 0.04642187058925629,
        0.012312759645283222, 0.038413744419813156, -0.08919866383075714,
        -0.06709939241409302, -0.0013718914706259966, -0.07281624525785446,
        -0.022780099883675575, 0.023197857663035393, -0.02868746779859066,
        -0.059850066900253296, -0.06253644824028015, -0.12048301845788956,
        -0.000768205092754215, 0.05693124607205391, 0.027971986681222916,
        -0.05352897569537163, -0.013451231643557549, 0.020877903327345848,
        0.04005225747823715, -0.019713835790753365, -0.06741693615913391,
        -0.04441851004958153, -0.07736838608980179, -0.0017404553946107626,
        0.08879254013299942, 4.783860227551019e-34, -0.01750118099153042,
        -0.00781591609120369, -0.021653804928064346, -0.04012764245271683,
        -0.05340597778558731, -0.003956004045903683, -0.028408342972397804,
        -0.01658022031188011, -0.07825075089931488, -0.06490152329206467,
        0.04760041460394859, -0.04401760920882225, -0.0705152153968811,
        -0.09382733702659607, 0.044363055378198624, -0.03402377665042877,
        -0.06354553997516632, -0.026911862194538116, 0.06409922987222672,
        -0.023003308102488518, 0.04335694760084152, -0.09811505675315857,
        -0.011674529872834682, 0.024664336815476418, 0.06164481118321419,
        -0.037840526551008224, 0.017426352947950363, -0.000768460682593286,
        0.0009901172015815973, 0.056388162076473236, 0.12826959788799286,
        -0.03966391086578369, -0.010703399777412415, -0.07592616975307465,
        -0.055028803646564484, -0.0012537422589957714, 0.06122700124979019,
        0.05699227750301361, -0.0021570061799138784, 0.08299964666366577,
        -0.0140650924295187, -0.07288982719182968, -0.0107090650126338,
        0.008207622915506363, 0.09409027546644211, 0.05693010985851288,
        0.06063634902238846, -0.03346169739961624, 0.06165889650583267,
        -0.031512532383203506, 0.0181619580835104, -0.02646511234343052,
        -0.11793301999568939, 0.05742784962058067, 0.03212803602218628,
        -0.02307404763996601, -0.025631962344050407, -0.034073326736688614,
        -0.06986340135335922, -0.03874007612466812, 0.07565390318632126,
        -0.044095396995544434, 0.006065947934985161, 0.062077950686216354,
        -0.027733158320188522, -0.004998388700187206, 0.007873469032347202,
        0.014155331999063492, 0.07327289134263992, -0.025282224640250206,
        -0.12486235052347183, -0.04119691997766495, 0.01802278496325016,
        0.02552369050681591, -0.014414269477128983, 0.02686089277267456,
        0.06133626028895378, -0.002788025885820389, 0.055712051689624786,
        -0.030689489096403122, -0.017295951023697853, -0.003006953978911042,
        -0.005060719326138496, 0.04033840820193291, 0.07570964843034744,
        0.03294193744659424, 0.05241414159536362, -0.0018714271718636155,
        0.007530893199145794, -0.054157257080078125, -0.06648789346218109,
        -0.05682841315865517, 0.10220930725336075, 0.029454590752720833,
        -0.053758833557367325, -2.8177337946599342e-33, 0.0037128236144781113,
        0.05936489626765251, -0.01819436624646187, 0.037792935967445374,
        -0.03188091889023781, -0.06387067586183548, 0.04551694542169571,
        0.12394832074642181, 0.1004742756485939, 0.012883657589554787,
        -0.02406875044107437, -0.027945201843976974, 0.02765839546918869,
        0.021300816908478737, -0.06565456092357635, 0.06654562056064606,
        0.07228071242570877, 0.048194851726293564, -0.04013237729668617,
        0.026493126526474953, 0.021258706226944923, -0.029363740235567093,
        -0.0908476784825325, 0.04158816486597061, -0.057642508298158646,
        0.08738765865564346, -0.012603591196238995, -0.10614670813083649,
        0.028846729546785355, 0.008503093384206295, -0.009147272445261478,
        -0.08791051805019379, -0.0024490943178534508, 0.026280120015144348,
        -0.03253035247325897, -0.09805521368980408, 0.039353981614112854,
        -0.07775133103132248, -0.04644090309739113, 0.044972844421863556,
        -0.0390927717089653, 0.026123009622097015, 0.06628192216157913,
        0.05213715881109238, 0.03040613979101181, 0.0398995466530323,
        -0.020280485972762108, -0.024805553257465363, -0.003479058388620615,
        -0.027753019705414772, 0.0531100332736969, -0.06912267208099365,
        -0.011116661131381989, -0.011199863627552986, 0.006568058859556913,
        0.028658950701355934, -0.025913994759321213, 0.03286590799689293,
        -0.04175424575805664, -0.025515522807836533, 0.005615615285933018,
        -0.03277188912034035, -0.038704417645931244, 0.0031741061247885227,
        0.019121071323752403, 0.010697322897613049, 0.010855264030396938,
        0.022944623604416847, 0.05897258222103119, -0.046697136014699936,
        0.08485837280750275, -0.034141503274440765, -0.08928561210632324,
        -0.013496033847332, -0.07071252167224884, -0.03835102170705795,
        0.00990291777998209, 0.08060862869024277, 0.03019866719841957,
        0.051379937678575516, -0.052588630467653275, 0.014307549223303795,
