{
  "filename": "一年级下册美术人美版电子课本.pdf",
  "totalPages": 27,
  "totalChunks": 1,
  "chunks": [
    {
      "content": "绿色印刷产品 定价：5.70元 审批号：京发改规 [2016] 13 号 全国价格举报电话：12358 目录 11. 奇妙的爬行 24 12. 可爱的动物 26 13. 狮子大王 29 综合练习 46 14. 介绍我喜欢的玩具 32 15. 春天的色彩 34 16. 用春天的色彩装扮自己 36 17. 钓鱼 38 18. 伙伴 40 19. 花的世界 42 1. 船 2 2. 长呀长 4 3. 出壳了 6 5. 太阳 10 4. 我们身边的线条 8 6. 漂亮的瓶子 13 7. 童话城堡 16 8. 画自己 18 9. 手形的联想 20 冬日婴戏图 1 10. 我和昆虫 22 型表现 赏评述 合探索 造 欣 综 计应用 设 小提示： 同学们，我们的教科书已进入循环使用，请大家一定要 爱护它。在书中回答问题时请用铅笔轻轻地书写。谢谢！ 主 编：常锐伦 欧京海 副 主 编：侯 令 王振华 编 委：白彬华 杨嘉栋 刘月娥 杨广馨 李雪梅 刘世彬 责任编辑：王振华 教富斌 美术设计：陆惠国 蔡明友 摄 影：郭 青 田传俊 责任印制：胡雨竹 出版说明 本教科书是2001年版的修订 本，是依据修订后的《义务教育美 术课程标准》进行修订和完善的。 为促进学生人格全面发展，提高其 美术素质，本教科书将《义务教育 美术课程标准》转化为中小学师生 可实施的教学内容，在明确学生必 备的美术知识与技能的基础上，注 意贴近学生的学校生活与社会生 活，使之富有情趣和启发性。 本教科书广泛听取全国实验区 师生的意见，吸纳各地优秀课例， 使得教材的美术知识和能力训练更 加科学与系统，适于学生学习。 本教科书的编写得到了首都师 范大学、北京教育学院、清华大学 美术学院、中央美术学院、北京教 育科学研究院等单位的专家及全国 各地中小学美术教研员的大力支持 与帮助，在此表示衷心感谢。 姓 名 年 月 日 教育部2012年审定 义务教育教科书 美 术 一年级 下册 人民美术出版社 编 人民美术出版社 出版 （北京市朝阳区东三环南路甲3号 邮编：100022） 北京盛通印刷股份有限公司印装 全国新华书店发行 2012年12月第1版 2019年11月第8次印刷 开本：787毫米×1092毫米 1/16 印张：3 ISBN 978-7-102-05805-4 定价：5.70元 京发改规 [2016] 13号 如遇质量问题请与本社教材出版发行部联系 电话：（010）67517602",
      "metadata": {
        "chunkIndex": 0,
        "source": "一年级下册美术人美版电子课本.pdf",
        "contentCleaned": false,
        "originalLength": 1035,
        "cleanedLength": 1035,
        "qualityScore": 3
      },
      "embedding": [
        -0.004532601684331894, 0.06202233210206032, 0.00926742609590292,
        -0.04510129615664482, -0.017008263617753983, 0.006124990060925484,
        -0.042712971568107605, -0.02025332674384117, -0.0245234165340662,
        -0.03234214335680008, 0.11879661679267883, -0.05778386816382408,
        0.05544641613960266, -0.030984288081526756, -0.028236787766218185,
        0.005734676960855722, -0.08212725818157196, 0.060486361384391785,
        -0.050011757761240005, 0.07764541357755661, 0.010336336679756641,
        -0.13501010835170746, 0.009418223984539509, -0.02472088485956192,
        0.007171517238020897, 0.06447789072990417, -0.047159336507320404,
        0.08786594122648239, -0.01769252121448517, -0.038120102137327194,
        -0.09070590138435364, 0.11590363830327988, -0.011322159320116043,
        0.030663572251796722, 0.025472326204180717, -0.0033011962659657,
        0.024774614721536636, 0.01726621948182583, -0.004577608313411474,
        0.06858640909194946, -0.027733134105801582, 0.010438223369419575,
        0.04424944147467613, -0.011457358486950397, -0.0310310460627079,
        0.06067816540598869, -0.027901388704776764, 0.00383694632910192,
        -0.09462812542915344, -0.054688628762960434, -0.0044532595202326775,
        -0.001605657977052033, -0.04663627967238426, 0.049532193690538406,
        0.016556350514292717, 0.039774686098098755, -0.04884092137217522,
        -0.0006848794291727245, 0.01012689620256424, 0.017633898183703423,
        -0.07208757102489471, 0.06982932984828949, -0.025898326188325882,
        -0.0033328121062368155, -0.0237748920917511, -0.03651617094874382,
        0.0035161003470420837, 0.0012761018006131053, -0.05214735120534897,
        -0.0260044876486063, 0.01663852483034134, -0.03253507614135742,
        -0.030389145016670227, -0.030415989458560944, -0.025708990171551704,
        0.048329439014196396, -0.016771264374256134, 0.008896534331142902,
        -0.1011013463139534, -0.1548096388578415, -0.10094001889228821,
        0.01359578501433134, 0.05769022926688194, -0.025918414816260338,
        -0.0627298578619957, 0.03734874725341797, -0.020485706627368927,
        -0.07958760112524033, 0.10521844774484634, -0.037502918392419815,
        0.10071584582328796, 0.021452894434332848, -0.047495968639850616,
        0.04492640122771263, 0.0007206809823401272, 0.034004271030426025,
        0.06266174465417862, 0.06320878863334656, 0.03617990016937256,
        -0.017600003629922867, 0.052305176854133606, -0.08699190616607666,
        -0.028751032426953316, -0.04948059469461441, -0.02971629798412323,
        -0.04300985857844353, -0.024993237107992172, -0.0012113053817301989,
        0.02849721722304821, -0.047889526933431625, -0.02121761254966259,
        -0.06189968064427376, -0.025839215144515038, -0.06244967505335808,
        -0.05009989067912102, 0.015486174263060093, 0.0028048392850905657,
        -0.07511630654335022, 0.04834400489926338, -0.02064489759504795,
        0.04252371937036514, -0.016158415004611015, -0.03489517793059349,
        -0.028042936697602272, -0.16321440041065216, -0.007670117542147636,
        0.003457593498751521, 9.677196631717018e-34, -0.026098433881998062,
        0.018324097618460655, 0.0021577556617558002, -0.04275251179933548,
        0.03538352996110916, -0.067026287317276, 0.01278352178633213,
        -0.006781423930078745, -0.0038947707507759333, -0.0009292990434914827,
        0.003954124636948109, 0.06722895801067352, -0.11993267387151718,
        -0.030679825693368912, -0.03517879545688629, -0.021365785971283913,
        -0.007233021315187216, -0.03138848766684532, 0.010726157575845718,
        -0.02699216641485691, 0.01005446445196867, 0.06120191887021065,
        0.030859533697366714, -0.050152167677879333, -0.00018609418475534767,
        0.029724620282649994, 0.029641853645443916, 0.01317253615707159,
        -0.07628551870584488, 0.030892811715602875, 0.05981970950961113,
        -0.04928521811962128, 0.011220493353903294, -0.009036730974912643,
        -0.0982494130730629, 0.03439953550696373, 0.047948502004146576,
        -0.009679061360657215, 0.0056494479067623615, -0.040555842220783234,
        -0.005944982636719942, 0.005929701495915651, 0.05173949524760246,
        0.11616330593824387, 0.04198770225048065, 0.025336535647511482,
        -0.013039890676736832, 0.0012923978501930833, 0.08148603141307831,
        -0.057305965572595596, -0.0821480005979538, 0.01969379559159279,
        -0.005987930577248335, -0.009229662828147411, -0.0031367409974336624,
        -0.04169493913650513, -0.04160080850124359, 0.016630040481686592,
        -0.05495027080178261, 0.019962076097726822, 0.0279120784252882,
        0.049386490136384964, 0.00122532295063138, 0.01543306652456522,
        0.0997869223356247, 0.08126126229763031, -0.03192790597677231,
        -0.008895418606698513, 0.01236671395599842, -0.07106184214353561,
        -0.06030518189072609, 0.010328964330255985, 0.11846873164176941,
        0.010476289317011833, 0.052907463163137436, -0.02052319049835205,
        -0.052333980798721313, 0.010375432670116425, 0.018809551373124123,
        -0.07544876635074615, -0.1103900745511055, 0.03341526538133621,
        -0.09123023599386215, 0.01569252461194992, -0.10852108150720596,
        0.0008874339400790632, 0.12437644600868225, 0.0884261205792427,
        0.018791504204273224, -0.0246046744287014, -0.08019836246967316,
        -0.012835850939154625, 0.020718634128570557, -0.06491073966026306,
        -0.03710125386714935, -5.846013321231525e-33, -0.06554960459470749,
        0.024765348061919212, -0.005711664445698261, 0.06097058206796646,
        0.023267796263098717, -0.01718169078230858, 0.01771657168865204,
        0.08391233533620834, 0.011245766654610634, -0.0006190825952216983,
        0.016332527622580528, 0.01636470854282379, -0.05450956150889397,
        -0.039901118725538254, -0.036896299570798874, 0.013474009931087494,
        -0.004477874841541052, 0.10612746328115463, -0.06599780917167664,
        -0.00948078278452158, -0.043837953358888626, 0.02573777176439762,
        -0.14603625237941742, 0.01689070090651512, -0.03894586116075516,
        0.05005352571606636, 0.034694477915763855, -0.07573366910219193,
        -0.00552635220810771, 0.07497168332338333, 0.03590349107980728,
        -0.030503513291478157, -0.01754329912364483, 0.11557167768478394,
        -0.051091406494379044, -0.09387163817882538, -0.0034312927164137363,
        0.012837117537856102, -0.043726302683353424, 0.03771147504448891,
        -0.007062080781906843, -0.08751149475574493, 0.09347624331712723,
