{
  "filename": "六年级下册英语闽教版电子课本.pdf",
  "totalPages": 82,
  "totalChunks": 1,
  "chunks": [
    {
      "content": "图片来源网络，版权归福建教育出版社，本公众号只作公益性分享，供孩子们预习使用，如有侵权请告知删除。 扬小帆学数学",
      "metadata": {
        "chunkIndex": 0,
        "source": "六年级下册英语闽教版电子课本.pdf",
        "contentCleaned": false,
        "originalLength": 56,
        "cleanedLength": 56,
        "qualityScore": 3
      },
      "embedding": [
        0.007762310095131397, 0.06715305894613266, -0.003597644856199622,
        -0.05454488843679428, -0.006414366886019707, -0.0123877739533782,
        0.02001771330833435, 0.046930525451898575, 0.04530317336320877,
        0.027904458343982697, 0.15540386736392975, -0.001364486524835229,
        0.004796724766492844, -0.0260248351842165, -0.06634493172168732,
        -0.03068993240594864, -0.014139304868876934, 0.08161316066980362,
        -0.008400581777095795, 0.00006147734529804438, 0.04785502329468727,
        -0.0007835017750039697, 0.10263198614120483, 0.011047243140637875,
        0.005809150170534849, -0.002696859184652567, 0.006876852363348007,
        -0.03283219411969185, 0.05592738837003708, -0.02290949411690235,
        -0.0881812572479248, 0.0937485545873642, 0.056832268834114075,
        -0.01063120923936367, 0.022924697026610374, 0.06633909791707993,
        0.004784645512700081, -0.06808264553546906, 0.07502315193414688,
        0.07736339420080185, -0.059625882655382156, -0.06355006247758865,
        0.05674310028553009, -0.04069385677576065, 0.04026906192302704,
        0.0034838702995330095, -0.031313180923461914, -0.004554150626063347,
        -0.016180366277694702, 0.012616614811122417, -0.0769309401512146,
        -0.05775323510169983, -0.04063282534480095, -0.005936109460890293,
        -0.02901906706392765, 0.03759415075182915, -0.05289790406823158,
        -0.05975167080760002, -0.034531790763139725, -0.04240040481090546,
        -0.06757097691297531, 0.050489358603954315, 0.029836811125278473,
        0.01341797225177288, -0.018076788634061813, -0.0149861304089427,
        0.021555941551923752, 0.0691336914896965, -0.05246949940919876,
        0.011571165174245834, 0.028053367510437965, -0.04898262768983841,
        -0.007587726227939129, -0.0535937137901783, -0.06778804212808609,
        -0.054139986634254456, 0.021125653758645058, 0.04676385968923569,
        0.014423578046262264, -0.06694358587265015, -0.0363180972635746,
        0.022195661440491676, 0.06252733618021011, 0.03566136211156845,
        -0.08719226717948914, 0.059847570955753326, -0.0857280045747757,
        0.04271967336535454, 0.03489294275641441, -0.060412660241127014,
        -0.06598864495754242, 0.01637706719338894, -0.020061517134308815,
        0.05561992526054382, -0.08185902237892151, 0.0029711080715060234,
        -0.004844950512051582, -0.009460123255848885, 0.003429318079724908,
        -0.030110523104667664, -0.003458850784227252, 0.023673897609114647,
        0.07157335430383682, 0.03202741593122482, -0.1148749440908432,
        -0.03956061974167824, -0.019446322694420815, -0.04439499229192734,
        0.10347895324230194, 0.006818457040935755, -0.017962031066417694,
        -0.027776917442679405, -0.09215784072875977, -0.07858683168888092,
        0.015409765765070915, -0.03472797945141792, -0.011109946295619011,
        -0.0725424587726593, 0.026680294424295425, -0.002214971464127302,
        -0.004618870560079813, 0.05295814573764801, -0.08425295352935791,
        -0.1089603453874588, -0.18131302297115326, -0.08328595757484436,
        0.04078926146030426, 7.25972160224795e-33, -0.01821412518620491,
        0.10810229182243347, -0.0026157135143876076, 0.011805028654634953,
        -0.05341487005352974, -0.04161818325519562, -0.000818499131128192,
        0.013564962893724442, -0.0775991678237915, 0.0451313853263855,
        0.020592879503965378, 0.05344010889530182, -0.10658562183380127,
        0.049975354224443436, -0.046931177377700806, -0.04713323339819908,
        -0.01388044748455286, -0.06861532479524612, 0.13717031478881836,
        -0.030464058741927147, -0.06016476824879646, -0.03409683704376221,
        -0.010515105910599232, -0.0078026773408055305, 0.046674564480781555,
        -0.001686030882410705, 0.018602441996335983, 0.018778083845973015,
        -0.07464545965194702, 0.01994725689291954, 0.1267358660697937,
        -0.046341411769390106, -0.038412224501371384, -0.07809658348560333,
        -0.024222876876592636, -0.04086713865399361, -0.004861596971750259,
        0.006270014680922031, 0.049748122692108154, -0.02162492461502552,
        -0.014212421141564846, -0.02661765180528164, -0.011013860814273357,
        -0.016322657465934753, 0.023454828187823296, 0.09826767444610596,
        0.0363912358880043, -0.067435622215271, 0.13222290575504303,
        -0.08471614122390747, -0.05975160002708435, -0.045831453055143356,
        -0.021769294515252113, -0.017557401210069656, 0.062355250120162964,
        -0.03550336882472038, -0.040377017110586166, 0.02407563291490078,
        -0.10263112187385559, -0.005718998610973358, -0.07575511932373047,
        -0.03223765641450882, -0.0740247517824173, 0.07516464591026306,
        -0.0004417256568558514, 0.005643100012093782, -0.08531243354082108,
        -0.06398790329694748, 0.0933871939778328, -0.09378298372030258,
        -0.07216771692037582, -0.00036004450521431863, -0.014046752825379372,
        -0.011698256246745586, -0.07264211773872375, 0.006575962528586388,
        -0.054631493985652924, 0.014450839720666409, 0.005929324775934219,
        -0.04235631600022316, -0.027887338772416115, -0.050439029932022095,
        -0.0442875474691391, 0.004314188379794359, 0.01968945562839508,
        0.0928635448217392, 0.030275020748376846, 0.0034236435312777758,
        0.019326472654938698, 0.06264685094356537, -0.10201356559991837,
        -0.06469164788722992, 0.007078361697494984, 0.04135054349899292,
        0.026828058063983917, -1.4083937241195627e-32, 0.030021151527762413,
        0.02061554230749607, -0.11823265999555588, 0.03146521747112274,
        0.001683100126683712, 0.0010946514084935188, 0.022485528141260147,
        0.07933437079191208, 0.02769114077091217, 0.04160023480653763,
        -0.017743773758411407, -0.04183110222220421, -0.04394245520234108,
        -0.023391811177134514, -0.03565063327550888, 0.015110532753169537,
        0.011467252857983112, 0.017875852063298225, -0.04639407992362976,
        -0.02510765939950943, -0.0034985283855348825, -0.050564900040626526,
        -0.057561978697776794, 0.043623652309179306, -0.00763182807713747,
        0.019179802387952805, -0.021563615649938583, -0.08974038809537888,
        -0.046190593391656876, 0.07858811318874359, -0.016251159831881523,
        -0.08886472135782242, -0.03647146746516228, 0.17563961446285248,
        -0.012715828604996204, -0.07330338656902313, 0.07544007897377014,
        -0.028988149017095566, -0.0382160022854805, 0.030227838084101677,
        0.039199408143758774, 0.0060373335145413876, 0.03776751831173897,
        -0.019398480653762817, 0.012374857440590858, 0.002073420910164714,
        -0.07340952754020691, -0.03815678507089615, -0.005350080318748951,
        0.00709677767008543, 0.0032142482232302427, -0.011887788772583008,
        0.04266791045665741, -0.13463452458381653, 0.049557726830244064,
        0.010566873475909233, -0.013688936829566956, -0.003227506997063756,
        0.04400552809238434, -0.012990634888410568, 0.04032321646809578,
        -0.01765400730073452, -0.050392165780067444, 0.08754164725542068,
        -0.06164253130555153, -0.0030829990282654762, -0.03790487349033356,
        0.03747188299894333, -0.02604801580309868, -0.014042885974049568,
        0.05142110586166382, 0.049098655581474304, 0.04410991072654724,
        -0.012957090511918068, -0.08712567389011383, 0.02526593953371048,
        -0.018915878608822823, 0.0038913667667657137, -0.003411342855542898,
        0.02963084727525711, 0.029437515884637833, -0.02986624836921692,
