{
  "filename": "三年级下册英语广州教科版电子课本.pdf",
  "totalPages": 87,
  "totalChunks": 1,
  "chunks": [
    {
      "content": "义 务 教 育 教 科 书 英 语 三年级 下册 英 语 (三年级起点) 英 语 义 务 教 育 教 科 书 三 年 级 下 册 ( 三年级起点 ) 批准文号：粤发改价格〔2017〕434号 全国价格举报电话：12358 定价：10.63元 （教材5.63元，光盘5.00元）",
      "metadata": {
        "chunkIndex": 0,
        "source": "三年级下册英语广州教科版电子课本.pdf",
        "contentCleaned": false,
        "originalLength": 138,
        "cleanedLength": 138,
        "qualityScore": 3
      },
      "embedding": [
        0.014104781672358513, 0.0798693373799324, 0.004999651573598385,
        0.04909217730164528, -0.00962577760219574, 0.0009232820593751967,
        -0.002382583450525999, 0.036765314638614655, 0.031323954463005066,
        -0.056157637387514114, 0.11041282117366791, -0.09934742748737335,
        0.011163502000272274, -0.013963853940367699, -0.03601928427815437,
        -0.026368292048573494, -0.07425200939178467, 0.00861276127398014,
        -0.024724848568439484, -0.005608220584690571, 0.06547454744577408,
        -0.08026178926229477, -0.01741202175617218, 0.011403599753975868,
        0.00236582662910223, 0.00429439777508378, -0.014932896941900253,
        0.020139047876000404, 0.0231667198240757, 0.017246775329113007,
        -0.08771009743213654, 0.08762846887111664, 0.04900664836168289,
        0.017462357878684998, -0.007863765582442284, -0.07129048556089401,
        -0.011033706367015839, -0.02330334112048149, -0.03127734735608101,
        0.08466023951768875, -0.09168236702680588, -0.06007561832666397,
        0.07885223627090454, -0.05905644968152046, -0.0010952971642836928,
        0.010456959716975689, -0.04647841677069664, 0.05508812144398689,
        -0.012072199024260044, 0.06384152173995972, -0.0020002638921141624,
        0.014165681786835194, -0.0010018006432801485, 0.010674570687115192,
        -0.007428434211760759, -0.011733047664165497, -0.014575996436178684,
        -0.06443820148706436, 0.06498542428016663, 0.03206731751561165,
        -0.026371795684099197, 0.0578635074198246, -0.030416004359722137,
        0.016764895990490913, -0.053247567266225815, -0.005249181762337685,
        0.019919419661164284, -0.03261521831154823, -0.014966009184718132,
        -0.020734446123242378, 0.037867192178964615, -0.047335658222436905,
        0.051927488297224045, -0.028971999883651733, -0.049205001443624496,
        -0.02185751684010029, 0.04500160738825798, -0.03900560364127159,
        -0.07844468206167221, -0.06885531544685364, -0.01087390910834074,
        -0.013585343025624752, 0.002989031607285142, -0.037995871156454086,
        -0.025030311197042465, 0.05204809457063675, -0.061474911868572235,
        0.053314317017793655, -0.0035345980431884527, -0.003814173862338066,
        0.007187921553850174, 0.004419280216097832, -0.003978613764047623,
        0.11187185347080231, -0.09012065827846527, 0.06075417250394821,
        0.037073660641908646, -0.011836111545562744, -0.04191993921995163,
        0.012673445977270603, 0.0728626400232315, 0.03346601128578186,
        0.05773743614554405, 0.02179279550909996, -0.028712661936879158,
        -0.040439002215862274, -0.01578175462782383, -0.010982210747897625,
        -0.023421552032232285, -0.007833126001060009, -0.036010149866342545,
        -0.0069475737400352955, -0.06654329597949982, -0.08850505203008652,
        -0.053963251411914825, -0.014516953378915787, -0.01506725326180458,
        -0.07922711223363876, 0.03748171404004097, 0.005440250504761934,
        0.10812467336654663, 0.0197158046066761, -0.07451382279396057,
        -0.10207836329936981, -0.1496490240097046, -0.03576776012778282,
        0.08877977728843689, 4.957223879284717e-33, -0.005353133659809828,
        0.04525540769100189, 0.011039149016141891, -0.07892069965600967,
        -0.005755261052399874, -0.06244149059057236, 0.026827629655599594,
        0.008758354932069778, -0.08285518735647202, 0.01926286146044731,
        -0.014284948818385601, 0.003274999326094985, -0.04488882049918175,
        -0.04390973970293999, 0.00411232840269804, -0.017131397500634193,
        0.013890394940972328, -0.02822522073984146, 0.08866606652736664,
        0.001245578401722014, 0.002784600481390953, -0.046389032155275345,
        0.03971946984529495, -0.020571792498230934, 0.004889046307653189,
        0.05938531085848808, -0.004037426318973303, -0.021142080426216125,
        -0.032227806746959686, 0.03894207999110222, 0.07433005422353745,
        0.034416355192661285, 0.020166223868727684, -0.07812407612800598,
        -0.04371105507016182, 0.014654889702796936, 0.06465958058834076,
        -0.014894165098667145, 0.03177826106548309, -0.00010979345097439364,
        -0.057308975607156754, -0.0036872741766273975, -0.05104300007224083,
        0.05312260612845421, 0.04087600111961365, 0.05729267746210098,
        0.05690464749932289, -0.004945388063788414, 0.12244617193937302,
        -0.05435487627983093, -0.08856471627950668, -0.08408009260892868,
        -0.07764896750450134, 0.028698435053229332, 0.08649269491434097,
        -0.06547302007675171, 0.00017186687909998, -0.015952540561556816,
        -0.07749277353286743, -0.04929610714316368, 0.02673383429646492,
        0.002794866682961583, -0.004225658252835274, 0.10221298784017563,
        -0.023720238357782364, 0.030047345906496048, -0.01450161449611187,
        -0.018859228119254112, -0.03375297784805298, -0.11227954924106598,
        -0.10803075134754181, -0.009611467830836773, 0.11111535131931305,
        -0.03734680265188217, 0.016070974990725517, -0.020226649940013885,
        0.04255339130759239, 0.0033723299857228994, 0.10924363136291504,
        0.017701085656881332, -0.06599359959363937, 0.0129165044054389,
        -0.006699245888739824, 0.05930502340197563, 0.0006307892617769539,
        0.07502993941307068, 0.07871239632368088, 0.06617911905050278,
        -0.005420539528131485, -0.04893745481967926, -0.1030358150601387,
        -0.0538320317864418, 0.06548020243644714, -0.0193795058876276,
        -0.03920320048928261, -8.282768294764002e-33, -0.01673858053982258,
        0.04659577086567879, 0.023440834134817123, 0.025253428146243095,
        -0.0282168909907341, -0.011097787879407406, 0.011437610723078251,
        0.1217397078871727, 0.04175334423780441, -0.023720065131783485,
        -0.013102791272103786, -0.019817277789115906, 0.03483150154352188,
        -0.030238403007388115, -0.03560889884829521, 0.034245435148477554,
        0.008221982978284359, 0.01364986877888441, -0.05516510829329491,
        -0.038651034235954285, 0.02862224169075489, -0.054124101996421814,
        -0.10321028530597687, 0.0617247112095356, -0.05775890499353409,
        0.027429547160863876, 0.05641905218362808, -0.14570245146751404,
        -0.07511452585458755, 0.03611410781741142, -0.00107387057505548,
        -0.063295878469944, 0.05057534575462341, 0.06192347779870033,
        -0.05587936192750931, -0.06515908986330032, 0.040286265313625336,
        -0.05965430662035942, -0.005633149761706591, 0.04478076845407486,
        -0.056094054132699966, 0.022763090208172798, 0.07729259133338928,
        -0.003905755002051592, -0.008019977249205112, 0.01567125879228115,
        -0.040641188621520996, -0.08549486845731735, 0.050984226167201996,
        -0.07252863049507141, 0.08103685081005096, -0.04897989705204964,
        -0.039729032665491104, -0.011750943958759308, -0.03892047703266144,
        0.05391575023531914, -0.04074553772807121, 0.02776241861283779,
        -0.023326450958848, -0.07437203079462051, -0.016936959698796272,
        0.0038217378314584494, -0.014765428379178047, 0.0887349396944046,
        -0.028313660994172096, 0.0038343064952641726, 0.043642330914735794,
        0.009553777985274792, 0.07441306859254837, -0.09575691819190979,
        0.06196585297584534, 0.0630505383014679, 0.043362416326999664,
        -0.011831434443593025, -0.04612437263131142, -0.06798813492059708,
        0.020761748775839806, 0.04941234737634659, 0.07289420813322067,
