{
  "filename": "六年级下册英语广州教科版电子课本.pdf",
  "totalPages": 79,
  "totalChunks": 1,
  "chunks": [
    {
      "content": "义 务 教 育 教 科 书 英 语 六年级 下册 ENGLISH 英 语 (三年级起点) 英 语 义 务 教 育 教 科 书 六 年 级 下 册 ( 三年级起点 ) 批准文号：粤发改价格〔2017〕434号 全国价格举报电话：12358 定价：10.18元 （教材5.18元，光盘5.00元）",
      "metadata": {
        "chunkIndex": 0,
        "source": "六年级下册英语广州教科版电子课本.pdf",
        "contentCleaned": false,
        "originalLength": 146,
        "cleanedLength": 146,
        "qualityScore": 3
      },
      "embedding": [
        0.009615877643227577, 0.08022959530353546, 0.012034114450216293,
        0.030345845967531204, -0.0030797389335930347, 0.0030101218726485968,
        -0.00020124443108215928, 0.02365322969853878, 0.0357913114130497,
        -0.03598112240433693, 0.13334694504737854, -0.09941309690475464,
        0.0016880693146958947, -0.005931716412305832, -0.033125679939985275,
        -0.02119065262377262, -0.07568372786045074, 0.019662639126181602,
        -0.01750931143760681, -0.025657782331109047, 0.06344611197710037,
        -0.05758962780237198, -0.014384936541318893, 0.02150237001478672,
        -0.009632810950279236, -0.015197115950286388, -0.03081262670457363,
        0.015168527141213417, 0.015330531634390354, 0.017316963523626328,
        -0.07407736778259277, 0.09415274858474731, 0.04000858590006828,
        0.025352274999022484, -0.0072076329961419106, -0.07960034906864166,
        -0.01904098503291607, -0.02980496920645237, -0.008870949037373066,
        0.08046045899391174, -0.07889624685049057, -0.08447719365358353,
        0.07538340240716934, -0.07071270793676376, -0.009426305070519447,
        0.011908118613064289, -0.048693668097257614, 0.05715198442339897,
        -0.0048847016878426075, 0.05945749208331108, -0.0018337570363655686,
        -0.0014217330608516932, -0.014782683923840523, -0.010872655548155308,
        -0.0003354061336722225, -0.003895469242706895, -0.018538085743784904,
        -0.05693252384662628, 0.06335371732711792, 0.02132449857890606,
        -0.028941722586750984, 0.06375047564506531, -0.03350984677672386,
        0.01692846603691578, -0.05575166642665863, -0.010979141108691692,
        0.035337287932634354, -0.022044174373149872, -0.02632317692041397,
        -0.015786414965987206, 0.03641795367002487, -0.05801742523908615,
        0.05675365403294563, -0.03778694197535515, -0.05848386138677597,
        -0.023172346875071526, 0.04482681676745415, -0.01978919468820095,
        -0.05372362956404686, -0.07301301509141922, -0.011071443557739258,
        -0.004041013773530722, 0.028432991355657578, -0.03533630445599556,
        -0.0441158302128315, 0.04422131925821304, -0.0587606206536293,
        0.044962551444768906, 0.012703861109912395, -0.011925113387405872,
        -0.010129407979547977, -0.005673647858202457, 0.0008956156671047211,
        0.1376553326845169, -0.08970162272453308, 0.05408304184675217,
        0.050628505647182465, -0.027126668021082878, -0.05168168246746063,
        0.013007241301238537, 0.06911555677652359, 0.03210023045539856,
        0.055383965373039246, 0.03222455456852913, -0.04238012433052063,
        -0.040585312992334366, -0.017177512869238853, -0.016211453825235367,
        -0.01684204861521721, -0.008387194946408272, -0.028195155784487724,
        0.005433224141597748, -0.055599529296159744, -0.09334629774093628,
        -0.05401276424527168, -0.01532607339322567, -0.022182151675224304,
        -0.09491537511348724, 0.038037363439798355, 0.008168698288500309,
        0.09717918187379837, 0.026268644258379936, -0.07132577896118164,
        -0.09360618889331818, -0.14204247295856476, -0.03220004960894585,
        0.11200069636106491, 5.014643472244524e-33, -0.00010453759750816971,
        0.051341764628887177, -0.00456559844315052, -0.07575790584087372,
        0.0004877648316323757, -0.06644004583358765, 0.02432389184832573,
        -0.008650019764900208, -0.08421266078948975, 0.007393399719148874,
        -0.012631343677639961, -0.0012278706999495625, -0.057768866419792175,
        -0.03695843368768692, -0.0014396337792277336, -0.019078033044934273,
        0.010833355598151684, -0.01086307130753994, 0.08303309231996536,
        0.006630820222198963, -0.003654670435935259, -0.05605373904109001,
        0.040329623967409134, -0.02829272486269474, 0.015842365100979805,
        0.05469847470521927, -0.001022441079840064, -0.03418390825390816,
        -0.029079612344503403, 0.039835330098867416, 0.08623873442411423,
        0.02871578373014927, 0.018729785457253456, -0.0769309476017952,
        -0.05213341861963272, 0.011467594653367996, 0.052359022200107574,
        -0.02205299213528633, 0.026103105396032333, 0.003257152857258916,
        -0.04305816441774368, -0.006920847576111555, -0.0530504509806633,
        0.04869067296385765, 0.04254017397761345, 0.05384969338774681,
        0.06095759943127632, -0.013230910524725914, 0.11529617011547089,
        -0.04960663244128227, -0.09011021256446838, -0.08399098366498947,
        -0.09057560563087463, 0.013692004606127739, 0.08956512063741684,
        -0.062067072838544846, -0.0038509657606482506, -0.019476743414998055,
        -0.07042325288057327, -0.06587831676006317, 0.026067616418004036,
        -0.012755896896123886, -0.004994009155780077, 0.08913072198629379,
        -0.031607240438461304, 0.023628899827599525, -0.020697034895420074,
        -0.030219709500670433, -0.0174352265894413, -0.12201347947120667,
        -0.10532186180353165, -0.019973136484622955, 0.12014666199684143,
        -0.025815777480602264, 0.023131344467401505, -0.01750701665878296,
        0.06260376423597336, -0.0026615052483975887, 0.10116013884544373,
        0.005851141642779112, -0.06687619537115097, 0.008926143869757652,
        -0.02802189625799656, 0.0513337217271328, 0.012356084771454334,
        0.08173329383134842, 0.07793480157852173, 0.060722947120666504,
        -0.00010773076792247593, -0.049620915204286575, -0.11922108381986618,
        -0.06395246088504791, 0.062185078859329224, -0.024643048644065857,
        -0.032267071306705475, -8.948779149368925e-33, -0.011813179589807987,
        0.038860879838466644, 0.009842533618211746, 0.026065370067954063,
        -0.007583095226436853, -0.02321520447731018, 0.01044977456331253,
        0.12494894117116928, 0.06606974452733994, -0.019200772047042847,
        -0.01570855639874935, -0.01135279145091772, 0.0316479429602623,
        -0.016356291249394417, -0.03175170347094536, 0.030068766325712204,
        0.012683401815593243, 0.0022798178251832724, -0.05126907303929329,
        -0.024699386209249496, 0.018007149919867516, -0.06533213704824448,
        -0.11558093130588531, 0.06043992191553116, -0.05568811297416687,
        0.023558257147669792, 0.04967910796403885, -0.15025217831134796,
        -0.0723118707537651, 0.020859703421592712, -0.007434244733303785,
        -0.05685149505734444, 0.05024467408657074, 0.09378724545240402,
        -0.05776141583919525, -0.05827551707625389, 0.05656234547495842,
        -0.07248920202255249, -0.02037142403423786, 0.04783051833510399,
        -0.05375434085726738, 0.03424374759197235, 0.07103957235813141,
        -0.010842002928256989, -0.027095679193735123, 0.022844810038805008,
        -0.054526716470718384, -0.08224456757307053, 0.03174019604921341,
        -0.0686398521065712, 0.08436379581689835, -0.041774630546569824,
        -0.0354350283741951, -0.028864331543445587, -0.04171271622180939,
        0.06135144084692001, -0.03656000643968582, 0.019755298271775246,
        -0.0219282153993845, -0.06775695085525513, -0.01581769436597824,
        0.004655921831727028, -0.01749819703400135, 0.08045709878206253,
        -0.024885861203074455, 0.006757271010428667, 0.023195434361696243,
        0.014964950270950794, 0.07291262596845627, -0.09732828289270401,
        0.06334835290908813, 0.057668156921863556, 0.03474317863583565,
        -0.015887657180428505, -0.03394997864961624, -0.07147102802991867,
        0.018493585288524628, 0.0498431921005249, 0.0697188451886177,
