{
  "filename": "五年级下册音乐人音版（简谱）电子课本.pdf",
  "totalPages": 73,
  "totalChunks": 1,
  "chunks": [
    {
      "content": "绿色印刷 保护环境 爱护健康 亲爱的同学们： 您手中的这本教科书采用绿色印刷标准印 制 ，在 它 的 封 底 印 有“ 绿 色 印 刷 产 品 ”标 志 。从 2 0 1 3 年 秋 季 学 期 起 ，北 京 地 区 出 版 并 使 用 的 义 务教育阶段中小学教科书全部采用绿色印刷。 按照国家有关标准（HJ2503-2011)，绿色 印 刷 选 用 环 保 型 纸 张 、油 墨 、胶 水 等 原 辅 材 料 ， 生 产 过 程 注 重 节 能 减 排 ，印 刷 产 品 符 合 人 体 健 康要求。 让我们携起手来，支持绿色印刷，选择绿 色印刷产品，共同关爱环境，一起健康成长！ 北京市绿色印刷工程 义务教育教科书 ( 简谱 ) 五年级·下册 义务教育教科书 音 乐 （简 谱） 五年级·下册 787×1092 毫米 16 开 4 印张 2015 年 1月第 1 版 2015 年 1月第 1 次印刷 ISBN 978-7-103-04249-6 定价：8.70 元 审批号：发改价格【2012】1658号 全国价格举报电话：12358 如发现印装质量问题请与人民音乐出版社联系 电话：010-58110572 人民音乐出版社出版发行 印刷 绿色印刷 保护环境 爱护健康 亲爱的同学： 你手中的这本教科书采用绿色印刷方式印 制，在它的封底印有“绿色印刷产品”标志。 从 2013 年秋季学期起，北京地区出版并使用的 义务教育阶段中小学教科书全部采用绿色印刷。 按照国家环境标准（HJ2503-2011) 《环 境标志产品技术要求 印刷 第一部分：平版印 刷》，绿色印刷选用环保型纸张、油墨、胶水 等原辅材料，生产过程注重节能减排，印刷产 品符合人体健康要求。 让我们携起手来，支持绿色印刷，选择绿 色印刷产品，共同关爱环境，一起健康成长！ 北京市绿色印刷工程 义务教育教科书 音 乐 （简 谱） 五年级·下册 787×1092 毫米 16 开 4 印张 2015 年 1月北京第 1 版 2017 年 1 月北京第 5 次印刷 ISBN 978-7-103-04249-6 定价：8.65 元 价格依据文件号：京发改规［2016］13 号 全国价格举报电话：12358 如发现印装质量问题请与人民音乐出版社联系 电话：010-58110572 人民音乐出版社出版发行 北京美通印刷有限公司印刷 ာ\u0001\u0001\u0001\u0001ጞ ހ\u0001\u0001\u0001\u0001Տ ာ\u0001\u0001\u0001\u0001ጞ ހ\u0001\u0001\u0001\u0001Տ ာ\u0001\u0001\u0001\u0001ጞ ހ\u0001\u0001\u0001\u0001Տ",
      "metadata": {
        "chunkIndex": 0,
        "source": "五年级下册音乐人音版（简谱）电子课本.pdf",
        "contentCleaned": false,
        "originalLength": 1041,
        "cleanedLength": 1041,
        "qualityScore": 3
      },
      "embedding": [
        -0.04128274321556091, 0.033147815614938736, -0.025248851627111435,
        -0.08861436694860458, -0.0661090761423111, -0.010586573742330074,
        -0.0731235072016716, 0.016430867835879326, -0.03182915598154068,
        0.0016947013791650534, 0.14320041239261627, -0.03250262141227722,
        0.03503677248954773, 0.014439317397773266, -0.05371258780360222,
        -0.010342560708522797, -0.10853664577007294, 0.04249585419893265,
        -0.03399171307682991, 0.009493381716310978, -0.014610880054533482,
        -0.06854771822690964, 0.024701952934265137, -0.045978862792253494,
        0.02802364155650139, 0.06927674263715744, -0.031485140323638916,
        0.06986740231513977, 0.0035311272367835045, -0.04917287454009056,
        -0.06705032289028168, 0.10048893839120865, 0.024892086163163185,
        -0.03842584788799286, 0.0980830118060112, 0.013971447944641113,
        -0.007157548796385527, 0.0069545721635222435, 0.001793581759557128,
        0.03088986873626709, -0.021306263282895088, 0.01751921884715557,
        0.02792280912399292, -0.026792075484991074, -0.02347525581717491,
        0.03822166472673416, -0.015021576546132565, -0.018108434975147247,
        -0.11086899787187576, -0.04352369159460068, 0.012788711115717888,
        -0.001091856393031776, -0.0030296118929982185, 0.034179240465164185,
        -0.007596113719046116, -0.026726149022579193, -0.05470902845263481,
        0.009944116696715355, 0.013307069428265095, -0.007744800299406052,
        -0.03562429919838905, 0.09043877571821213, -0.02262381836771965,
        -0.036852989345788956, -0.07085946202278137, -0.022408828139305115,
        -0.0007251265342347324, -0.017059823498129845, -0.02856801636517048,
        -0.04042113572359085, -0.0051053110510110855, -0.03851550072431564,
        -0.006579623091965914, -0.035073425620794296, -0.03537729009985924,
        0.022440923377871513, -0.023431506007909775, 0.017570018768310547,
        -0.05619170144200325, -0.15829792618751526, -0.0530710443854332,
        0.00140524678863585, 0.06490661203861237, -0.06269831210374832,
        -0.0860554650425911, 0.05389413237571716, -0.008949502371251583,
        -0.07375012338161469, 0.12243346124887466, -0.01875271275639534,
        0.06423931568861008, 0.02779272571206093, -0.014605332165956497,
        0.008486718870699406, 0.028933612629771233, 0.018342040479183197,
        0.06639643758535385, 0.08908247202634811, 0.029908312484622,
        0.008154296316206455, 0.05243247374892235, -0.08210945874452591,
        -0.05212201178073883, -0.0273791141808033, -0.02966604381799698,
        -0.05869463086128235, -0.038158975541591644, 0.01141152624040842,
        0.0674891471862793, -0.03994681313633919, -0.033723462373018265,
        -0.03866608068346977, -0.03188728541135788, -0.0552968867123127,
        -0.03177068009972572, 0.018161294981837273, -0.02031395398080349,
        -0.09161441028118134, 0.028913358226418495, 0.028180968016386032,
        0.048040904104709625, -0.011241613887250423, -0.061895135790109634,
        0.007304789032787085, -0.12801766395568848, 0.029761791229248047,
        0.0026731672696769238, 1.8367677795224038e-33, -0.02754274010658264,
        0.027444466948509216, -0.02073807455599308, -0.041869714856147766,
        0.003282856196165085, -0.06714830547571182, -0.003333665896207094,
        -0.03301054611802101, 0.006813718006014824, -0.03474467992782593,
        -0.017313869670033455, 0.023525269702076912, -0.12970495223999023,
        -0.04564088582992554, -0.033187028020620346, -0.04831802845001221,
        -0.03680352494120598, -0.045352235436439514, 0.012338906526565552,
        -0.04876648262143135, 0.025403108447790146, -0.020779525861144066,
        0.016609659418463707, -0.04768252372741699, 0.042478885501623154,
        0.009419159032404423, 0.02794993296265602, -0.039728667587041855,
        -0.05539405718445778, 0.030507801100611687, 0.08993946760892868,
        -0.01999852806329727, -0.046935878694057465, -0.031984634697437286,
        -0.07916611433029175, -0.011784609407186508, 0.04907780513167381,
        -0.005160183180123568, -0.016420060768723488, -0.005011927802115679,
        -0.018931129947304726, 0.004493574146181345, 0.03702431544661522,
        0.08551758527755737, 0.08751599490642548, -0.04860681667923927,
        -0.014913160353899002, 0.008163444697856903, 0.08163805305957794,
        -0.08268123865127563, -0.0905781164765358, 0.024570105597376823,
        -0.023161930963397026, -0.030090339481830597, -0.011540865525603294,
        -0.04541514068841934, -0.024636149406433105, 0.024266807362437248,
        -0.06542758643627167, 0.00569968530908227, -0.0002616040874272585,
        0.03551964834332466, -0.0009240381186828017, -0.0010147871216759086,
        0.1161561980843544, 0.06929098069667816, -0.030842643231153488,
        0.007000734098255634, 0.0031713456846773624, -0.10001940280199051,
        -0.11422133445739746, -0.05016281455755234, 0.13724209368228912,
        0.02000444382429123, 0.029388872906565666, -0.050574060529470444,
        -0.039978694170713425, 0.060874730348587036, 0.020908759906888008,
        -0.09400033950805664, -0.08387903869152069, -0.017431939020752907,
        -0.09517831355333328, -0.003976474981755018, -0.0694725289940834,
        -0.003797465469688177, 0.09907305985689163, 0.06353533267974854,
        0.015028740279376507, -0.013930502347648144, -0.032486554235219955,
        -0.0162434671074152, -0.012883414514362812, 0.003478744300082326,
        0.025617970153689384, -8.908411938677718e-33, -0.011874186806380749,
        0.024212203919887543, -0.044597651809453964, 0.0056637972593307495,
        0.028344320133328438, -0.03319910541176796, 0.036300864070653915,
        0.05771493539214134, 0.024006783962249756, 0.002235085004940629,
        0.022236406803131104, 0.018011171370744705, -0.04105359688401222,
        0.004934495780616999, -0.03324788808822632, 0.016634231433272362,
        -0.009387077763676643, 0.10621502995491028, -0.040570277720689774,
        -0.03325006738305092, -0.03236302360892296, -0.024970095604658127,
        -0.12435765564441681, -0.0009715952910482883, -0.007362497039139271,
        0.07827359437942505, 0.01110040582716465, -0.07731429487466812,
        0.00697106309235096, 0.09866747260093689, -0.03210441768169403,
        0.01921098493039608, -0.03434748575091362, 0.11469359695911407,
        -0.06476769596338272, -0.13443025946617126, 0.010846088640391827,
