{
  "filename": "北师大版物理八年级下册电子课本.pdf",
  "totalPages": 127,
  "totalChunks": 1,
  "chunks": [
    {
      "content": "义务教育教科书 八年级下册 灶京忤范大学出胶社 ．北京．",
      "metadata": {
        "chunkIndex": 0,
        "source": "北师大版物理八年级下册电子课本.pdf",
        "contentCleaned": false,
        "originalLength": 28,
        "cleanedLength": 28,
        "qualityScore": 3
      },
      "embedding": [
        0.057380326092243195, 0.06657595932483673, 0.04557421803474426,
        -0.04228987544775009, -0.021575001999735832, 0.07315530627965927,
        -0.003727399744093418, -0.015552769415080547, 0.020743992179632187,
        -0.004976317286491394, 0.16052749752998352, -0.05454077944159508,
        0.04185285046696663, 0.014074625447392464, -0.011306355707347393,
        -0.043719153851270676, -0.06900574266910553, -0.03823753818869591,
        0.024354098364710808, -0.0449264720082283, 0.032447002828121185,
        -0.06753571331501007, -0.011536072008311749, 0.03848335146903992,
        0.0016339962603524327, 0.04280173406004906, -0.0038951982278376818,
        -0.008595854975283146, 0.021854590624570847, 0.08874483406543732,
        -0.035188738256692886, 0.11717148870229721, 0.11126834899187088,
        -0.012161237187683582, 0.05457659438252449, 0.028869563713669777,
        0.025850187987089157, -0.012003783136606216, -0.013695926405489445,
        0.04351221024990082, -0.08398492634296417, -0.09905093163251877,
        0.05917204171419144, -0.03409506008028984, -0.024649711325764656,
        0.029498953372240067, 0.0069275847636163235, -0.0010139360092580318,
        -0.02941982075572014, 0.021074557676911354, -0.025345945730805397,
        -0.0229932963848114, 0.005106430035084486, 0.033765897154808044,
        0.0019279764965176582, 0.009954569861292839, -0.06160823255777359,
        -0.03701998293399811, -0.042166583240032196, -0.048402465879917145,
        -0.059636279940605164, 0.027355721220374107, -0.03329091891646385,
        0.007241152226924896, 0.013766933232545853, -0.04896898567676544,
        0.04835381358861923, -0.0066153062507510185, -0.02530030906200409,
        -0.01468497421592474, 0.03378438949584961, -0.08638528734445572,
        -0.05808278173208237, -0.01888696849346161, -0.08855446428060532,
        -0.0368884839117527, 0.007129969075322151, 0.05756126344203949,
        -0.00854551512748003, -0.14368319511413574, 0.03402060642838478,
        0.005350182298570871, 0.026629768311977386, 0.03419526293873787,
        -0.1182125061750412, 0.026740211993455887, -0.08411847054958344,
        0.03344661369919777, 0.010771095752716064, 0.009421845898032188,
        -0.013216438703238964, 0.06307993084192276, 0.036177489906549454,
        0.03851062059402466, -0.07475259155035019, -0.021207764744758606,
        -0.029257331043481827, 0.022294171154499054, 0.030594756826758385,
        0.044289086014032364, -0.00629546819254756, 0.037632014602422714,
        0.012594913132488728, 0.0009129669633693993, -0.06241244822740555,
        -0.09182918071746826, -0.04312863200902939, -0.02234613336622715,
        -0.045192550867795944, 0.016342787072062492, -0.06270719319581985,
        -0.032522257417440414, -0.03977375850081444, -0.04628932476043701,
        0.020596714690327644, 0.05168362334370613, 0.02449699304997921,
        -0.058624133467674255, -0.011893996968865395, 0.03348860517144203,
        0.03732721507549286, 0.03365899994969368, -0.07938794046640396,
        -0.04355675354599953, -0.16402237117290497, -0.00922444649040699,
        0.021516185253858566, -7.164809341462177e-34, -0.0085578802973032,
        -0.005952982231974602, -0.020416218787431717, 0.01895090565085411,
        -0.04800426959991455, -0.06249527633190155, -0.022725045680999756,
        0.023946039378643036, -0.01276832539588213, 0.07121358066797256,
        0.020275002345442772, -0.010509884916245937, -0.014955148100852966,
        -0.08101941645145416, 0.09124520421028137, -0.01638258621096611,
        -0.034334953874349594, -0.01628565602004528, 0.06569225341081619,
        0.014228187501430511, 0.03888767212629318, -0.10973112285137177,
        0.052525121718645096, -0.048865728080272675, 0.03742341697216034,
        -0.018602153286337852, -0.0015418550465255976, -0.016951801255345345,
        0.042185667902231216, 0.026620661839842796, 0.11676280945539474,
        -0.04751051589846611, -0.028033899143338203, -0.05532163754105568,
        -0.030870888382196426, 0.015070484951138496, 0.08628420531749725,
        0.005669357720762491, 0.013754230923950672, -0.008994564414024353,
        -0.055743854492902756, -0.014460057951509953, 0.0069951824843883514,
        -0.019668424502015114, 0.13239730894565582, 0.11242124438285828,
        0.09173032641410828, -0.056450702250003815, 0.07368911057710648,
        0.005693451501429081, -0.035959117114543915, -0.030297880992293358,
        -0.046254586428403854, -0.021551143378019333, 0.07351104170084,
        0.008141519501805305, -0.019124679267406464, 0.032548949122428894,
        -0.11547710746526718, 0.026038918644189835, -0.008248595520853996,
        0.006416190415620804, -0.07118646055459976, 0.05242867395281792,
        -0.06101903319358826, 0.014429331757128239, -0.028435399755835533,
        -0.014804074540734291, 0.05642194300889969, -0.04462698847055435,
        -0.017169175669550896, -0.013320381753146648, 0.026719504967331886,
        0.01446201466023922, -0.020909810438752174, 0.03778991475701332,
        -0.044271375983953476, 0.026532983407378197, 0.03840164840221405,
        -0.0053632077760994434, -0.07228483259677887, 0.025994375348091125,
        0.007253946270793676, 0.010903759859502316, 0.08403509855270386,
        0.11463221162557602, 0.11477101594209671, 0.025617897510528564,
        0.022855503484606743, 0.011556822806596756, -0.10583391040563583,
        -0.07471954822540283, 0.0880221351981163, 0.08015988022089005,
        -0.020291710272431374, -3.8676761652647856e-33, 0.007168672978878021,
        0.03033634088933468, -0.11759114265441895, -0.04384389892220497,
        0.012830149382352829, 0.03625113144516945, -0.0215900968760252,
        0.11794696003198624, 0.03942999988794327, 0.019462767988443375,
        -0.023004760965704918, -0.04554075375199318, 0.04891912266612053,
        0.02465924061834812, -0.03884274885058403, -0.002487094374373555,
        0.07303771376609802, -0.02221946232020855, -0.15249496698379517,
        0.03858309984207153, 0.03036908246576786, -0.048948850482702255,
        -0.06358148157596588, 0.05989113822579384, -0.032286837697029114,
        0.002373559633269906, 0.02913333661854267, -0.06253605335950851,
        -0.03093358315527439, 0.06968489289283752, -0.06520815193653107,
        -0.07830788940191269, -0.003281789366155863, 0.0721404105424881,
        -0.027004338800907135, -0.08165405690670013, 0.021274788305163383,
        -0.11011757701635361, -0.039936866611242294, 0.0624818429350853,
        -0.03630202263593674, 0.03263383358716965, 0.04436362534761429,
        0.02906416542828083, -0.019780879840254784, 0.07395060360431671,
        -0.12753888964653015, -0.034990619868040085, 0.005831441842019558,
        -0.0429607629776001, 0.0066583240404725075, -0.06510137766599655,
        0.02134808711707592, -0.11791925132274628, -0.011812813580036163,
        0.07942846417427063, -0.0192448478192091, -0.012500699609518051,
        -0.033460453152656555, -0.010768234729766846, -0.010572358034551144,
        -0.04097810015082359, -0.04985013231635094, 0.05830101668834686,
        -0.05291125178337097, -0.03908012807369232, 0.06906988471746445,
        -0.00400770315900445, 0.03922582045197487, -0.057904526591300964,
        0.0909704864025116, 0.04173489287495613, -0.10010678321123123,
        0.013475710526108742, -0.08998972922563553, -0.017366427928209305,
        0.012781458906829357, 0.04392067342996597, 0.04374365508556366,
        -0.019585389643907547, -0.02578328736126423, 0.042359352111816406,
