{
  "filename": "四年级下册音乐人音版（简谱）电子课本.pdf",
  "totalPages": 73,
  "totalChunks": 1,
  "chunks": [
    {
      "content": "义务教育教科书 ( 简谱 ) 四年级·下册 义务教育教科书 音 乐 （简 谱） 四年级·下册 787×1092 毫米 16 开 4 印张 2015 年 1月第 1 版 2015 年 1月第 1 次印刷 ISBN 978-7-103-04251-9 定价：8.70 元 审批号：发改价格【2012】1658号 全国价格举报电话：12358 如发现印装质量问题请与人民音乐出版社联系 电话：010-58110572 人民音乐出版社出版发行 印刷 绿色印刷 保护环境 爱护健康 亲爱的同学： 你手中的这本教科书采用绿色印刷方式印 制，在它的封底印有“绿色印刷产品”标志。 从 2013 年秋季学期起，北京地区出版并使用的 义务教育阶段中小学教科书全部采用绿色印刷。 按照国家环境标准（HJ2503-2011) 《环 境标志产品技术要求 印刷 第一部分：平版印 刷》，绿色印刷选用环保型纸张、油墨、胶水 等原辅材料，生产过程注重节能减排，印刷产 品符合人体健康要求。 让我们携起手来，支持绿色印刷，选择绿 色印刷产品，共同关爱环境，一起健康成长！ 北京市绿色印刷工程 义务教育教科书 音 乐 （简 谱） 四年级·下册 787×1092 毫米 16 开 4 印张 2015 年 1月北京第 1 版 2017 年 1 月北京第 5 次印刷 ISBN 978-7-103-04251-9 定价：8.65 元 价格依据文件号：京发改规［2016］13 号 全国价格举报电话：12358 如发现印装质量问题请与人民音乐出版社联系 电话：010-58110572 人民音乐出版社出版发行 北京美通印刷有限公司印刷 第课 跳起来 第课 新疆舞曲第二号 丁善德曲 1 2 2 交 响 童 话 彼 得 与 狼 大管 单簧管 圆号 定音鼓 24 听到乐曲中每一种乐器出现时，说出它所代表的 角色。 根据音乐的剧情，分角色编创情景剧，随音乐表演。 1. 2. 交 响 童 话 〔苏联〕普罗科菲耶夫曲 彼 得 与 狼 25 ာ\u0001\u0001\u0001\u0001ጞ ހ\u0001\u0001\u0001\u0001Տ ာ\u0001\u0001\u0001\u0001ጞ ހ\u0001\u0001\u0001\u0001Տ ာ\u0001\u0001\u0001\u0001ጞ ހ\u0001\u0001\u0001\u0001Տ",
      "metadata": {
        "chunkIndex": 0,
        "source": "四年级下册音乐人音版（简谱）电子课本.pdf",
        "contentCleaned": false,
        "originalLength": 887,
        "cleanedLength": 887,
        "qualityScore": 3
      },
      "embedding": [
        -0.008048227988183498, 0.041632030159235, -0.021118255332112312,
        -0.08503517508506775, -0.052340585738420486, 0.0038246612530201674,
        -0.07849589735269547, 0.013162546791136265, -0.00853235274553299,
        0.011772540397942066, 0.1484801471233368, -0.009356226772069931,
        0.05707892030477524, 0.009498418308794498, -0.058625228703022,
        -0.0035628373734652996, -0.09637054800987244, 0.06585586071014404,
        -0.03920140489935875, 0.028976183384656906, -0.013983841054141521,
        -0.05820051580667496, 0.04011445492506027, -0.057781826704740524,
        0.03906351700425148, 0.07535728067159653, -0.061004363000392914,
        0.05755766108632088, -0.01406859327107668, -0.030186347663402557,
        -0.06937994062900543, 0.14272840321063995, 0.02779710665345192,
        -0.00966863427311182, 0.0999399796128273, 0.0022663469426333904,
        0.013557065278291702, 0.021023960784077644, 0.02086903154850006,
        0.03485480695962906, -0.024223141372203827, -0.006404463667422533,
        0.04631023481488228, -0.004058806225657463, -0.0394512303173542,
        0.05279920622706413, -0.026017751544713974, -0.021805694326758385,
        -0.09245187789201736, -0.021872658282518387, 0.007171141915023327,
        0.006490668281912804, -0.012667099013924599, 0.04377029836177826,
        -0.015673717483878136, 0.006033760029822588, -0.06643100827932358,
        0.004368870053440332, -0.014343921095132828, -0.0008226261124946177,
        -0.04243239760398865, 0.07789039611816406, -0.025015100836753845,
        -0.024464743211865425, -0.056494273245334625, -0.004063733387738466,
        0.029892396181821823, -0.015392576344311237, -0.04232066497206688,
        -0.04287547990679741, 0.002616690704599023, -0.020444601774215698,
        -0.02033574879169464, -0.01824198104441166, -0.033541515469551086,
        0.02237691543996334, -0.005013841204345226, 0.028060762211680412,
        -0.048590946942567825, -0.17521189153194427, -0.04792945086956024,
        0.022624095901846886, 0.07504363358020782, -0.07588610798120499,
        -0.08150067180395126, 0.056005753576755524, -0.01543439831584692,
        -0.07737208157777786, 0.10184471309185028, -0.025331828743219376,
        0.05950484797358513, 0.01692626066505909, 0.0021423273719847202,
        0.009396628476679325, 0.02048349939286709, -0.002227549208328128,
        0.0544317364692688, 0.10307414084672928, 0.026988908648490906,
        0.010537303052842617, 0.07190108299255371, -0.08674239367246628,
        -0.0559479258954525, -0.034774281084537506, -0.05311333015561104,
        -0.07684709131717682, -0.022987181320786476, 0.01670112833380699,
        0.05219174176454544, -0.042264603078365326, -0.049333829432725906,
        -0.03403112292289734, -0.026800164952874184, -0.053485240787267685,
        -0.030518783256411552, 0.026090160012245178, 0.022505037486553192,
        -0.07251197844743729, 0.03564505651593208, 0.017925992608070374,
        0.021874569356441498, -0.019497068598866463, -0.033672649413347244,
        -0.005209357012063265, -0.1348305344581604, -0.002707497915253043,
        0.011289197951555252, 3.1297496683025095e-33, -0.03310900554060936,
        0.043391190469264984, -0.007799617480486631, -0.0528530515730381,
        0.01895507052540779, -0.05807730555534363, -0.02313852496445179,
        -0.03478611260652542, -0.0006129055400379002, -0.026363303884863853,
        -0.02414517104625702, 0.046446122229099274, -0.11547757685184479,
        -0.04963318631052971, -0.03944556415081024, -0.003573595779016614,
        -0.03219136223196983, -0.023963849991559982, 0.015277489088475704,
        -0.05146433785557747, 0.022078324109315872, 0.005285094026476145,
        0.034113988280296326, -0.036876656115055084, 0.04614390432834625,
        0.02434380352497101, 0.018654078245162964, -0.0085991732776165,
        -0.05502372980117798, 0.02707568369805813, 0.07470907270908356,
        -0.0351838693022728, -0.043049417436122894, -0.05611737072467804,
        -0.07716140896081924, -0.004518481437116861, 0.05121980234980583,
        -0.02240416221320629, 0.0019515424501150846, -0.04672862961888313,
        -0.026343777775764465, 0.01909266784787178, 0.06185465306043625,
        0.04893858730792999, 0.07921485602855682, -0.02484864741563797,
        -0.006533281411975622, -0.018857384100556374, 0.07006218284368515,
        -0.07596004009246826, -0.08382051438093185, 0.023552125319838524,
        -0.024508841335773468, -0.013587696477770805, -0.027311550453305244,
        -0.034140635281801224, -0.052037958055734634, 0.03345530852675438,
        -0.052044790238142014, 0.0028579416684806347, 0.01815866306424141,
        0.04386095330119133, 0.01620207168161869, -0.004758549854159355,
        0.11560355871915817, 0.07515519112348557, -0.03321307897567749,
        0.014820707961916924, 0.006040084641426802, -0.07295595109462738,
        -0.07504749298095703, -0.046247005462646484, 0.11284748464822769,
        0.03149121254682541, 0.05170914903283119, -0.04070468991994858,
        -0.03209849074482918, 0.05206073075532913, 0.032704561948776245,
        -0.09454694390296936, -0.1146240234375, -0.005050309002399445,
        -0.09737525880336761, -0.0043963161297142506, -0.08462397009134293,
        0.022602956742048264, 0.12589894235134125, 0.03078027255833149,
        0.042077839374542236, -0.018858103081583977, -0.023997975513339043,
        -0.01352290902286768, -0.06380891799926758, -0.010746940039098263,
        0.006507907062768936, -8.907822722134368e-33, -0.02219821885228157,
        0.02512386441230774, -0.023806259036064148, 0.026384087279438972,
        0.014645959250628948, -0.0579276867210865, 0.046252015978097916,
        0.07138708233833313, 0.05367334187030792, -0.004486589226871729,
        0.02876206487417221, -0.0013773038517683744, -0.08134063333272934,
        0.0010516804177314043, -0.03584214672446251, 0.007384052500128746,
        -0.00003264056067564525, 0.0951089933514595, -0.03975675255060196,
        -0.0030516234692186117, -0.0435321219265461, -0.01071512047201395,
        -0.13700763881206512, 0.02226540818810463, 0.005639963783323765,
        0.03335917368531227, 0.04047437757253647, -0.08811961114406586,
        -0.003743524430319667, 0.06142820790410042, 0.002157989190891385,
        -0.006039507687091827, -0.054766055196523666, 0.11772709339857101,
        -0.07900168746709824, -0.13693296909332275, 0.016655482351779938,
        0.015351464971899986, -0.06461101025342941, 0.02899879589676857,
        -0.009494799189269543, -0.027639776468276978, 0.08103599399328232,
