{
  "filename": "六年级下册数学人教版电子课本.pdf",
  "totalPages": 118,
  "totalChunks": 1,
  "chunks": [
    {
      "content": "义务教育教科书 SHUXUE 六年级下册",
      "metadata": {
        "chunkIndex": 0,
        "source": "六年级下册数学人教版电子课本.pdf",
        "contentCleaned": false,
        "originalLength": 20,
        "cleanedLength": 20,
        "qualityScore": 3
      },
      "embedding": [
        -0.007419100031256676, 0.09126235544681549, 0.0732584297657013,
        -0.013251205906271935, -0.01828366331756115, 0.08787573128938675,
        0.05592254176735878, -0.00966296810656786, 0.006723249331116676,
        -0.008425461128354073, 0.17917725443840027, -0.14702464640140533,
        0.08361870050430298, -0.05015050992369652, -0.014917531050741673,
        -0.03884067386388779, -0.0997687429189682, 0.049441248178482056,
        0.027566762641072273, -0.04543277621269226, 0.04148068279027939,
        0.029304631054401398, -0.0049597895704209805, 0.07837133854627609,
        -0.05057724565267563, 0.006730609107762575, -0.062090907245874405,
        -0.009311238303780556, 0.03712143748998642, 0.06351003050804138,
        0.024336449801921844, 0.13137286901474, 0.017065471038222313,
        -0.02396196685731411, 0.04915069043636322, 0.020912760868668556,
        -0.02893735095858574, 0.00694365706294775, -0.005736758466809988,
        0.06061341613531113, -0.08264448493719101, -0.08620372414588928,
        0.030193448066711426, -0.11661276966333389, -0.015352054499089718,
        0.013533327728509903, -0.01761963963508606, -0.011177966371178627,
        0.016113145276904106, -0.007412895560264587, -0.042166903614997864,
        -0.025716474279761314, -0.03768448159098625, -0.0007073975866660476,
        0.01565301977097988, -0.012125803157687187, -0.06586363911628723,
        -0.05998189002275467, 0.024983063340187073, -0.04665321856737137,
        -0.04979851096868515, 0.020540084689855576, 0.012289893813431263,
        -0.008519057184457779, -0.06083330139517784, -0.03181520104408264,
        0.04729509353637695, -0.043495047837495804, 0.016768377274274826,
        0.09349410235881805, 0.02695138193666935, -0.05017286166548729,
        -0.025892088189721107, -0.00023398389748763293, -0.052170779556035995,
        -0.06162991747260094, 0.06333020329475403, 0.011053978465497494,
        0.01478528045117855, -0.09331146627664566, -0.03411254286766052,
        -0.003685249714180827, 0.055416759103536606, 0.008006894029676914,
        -0.07556784898042679, 0.031155118718743324, -0.11263686418533325,
        -0.014171510934829712, -0.025387898087501526, -0.024100538343191147,
        0.018275564536452293, 0.009200042113661766, 0.03399396687746048,
        0.06196307763457298, -0.022022297605872154, -0.052898891270160675,
        0.018959322944283485, -0.024680789560079575, -0.07245033234357834,
        0.0384955108165741, 0.045152902603149414, 0.04735853523015976,
        0.03070731833577156, 0.04594413936138153, -0.0533641092479229,
        -0.059827033430337906, 0.02047124132514, -0.045701391994953156,
        -0.030237562954425812, 0.027877919375896454, -0.038516439497470856,
        -0.053593914955854416, -0.04971512407064438, -0.1190452128648758,
        0.022684181109070778, 0.052347585558891296, 0.01713664084672928,
        -0.05114429444074631, -0.054525863379240036, 0.047006040811538696,
        0.045671191066503525, 0.007829695008695126, -0.08198284357786179,
        -0.03241829574108124, -0.027163339778780937, -0.04782000929117203,
        0.07737164944410324, 1.4689597297474371e-33, -0.005238847341388464,
        -0.024683859199285507, -0.036397792398929596, -0.07391232252120972,
        -0.057672519236803055, 0.013066214509308338, -0.04149465635418892,
        -0.025015633553266525, -0.07200352847576141, -0.03316096216440201,
        0.04946853592991829, -0.017544275149703026, -0.08531668037176132,
        -0.06397675722837448, 0.025706924498081207, -0.032421935349702835,
        -0.08559708297252655, -0.0043528759852051735, 0.07001430541276932,
        0.008492251858115196, 0.02020363323390484, -0.11505060642957687,
        0.02979619801044464, 0.015769461169838905, 0.02529319003224373,
        -0.08289485424757004, 0.0047927191480994225, -0.02118019573390484,
        -0.004621000029146671, 0.048800475895404816, 0.10250187665224075,
        -0.03321554884314537, -0.04547217860817909, -0.06947208940982819,
        -0.05575485900044441, -0.004908883944153786, 0.08715222775936127,
        0.04308810457587242, -0.005963678937405348, 0.051761556416749954,
        0.001899382914416492, -0.026872510090470314, -0.00903104618191719,
        -0.028302516788244247, 0.09330800175666809, 0.06168419122695923,
        0.06490004807710648, -0.03260538727045059, 0.06017332151532173,
        -0.009715979918837547, 0.02033977024257183, -0.010041828267276287,
        -0.10632538795471191, 0.06492204964160919, 0.04966650903224945,
        -0.04460623860359192, -0.029080841690301895, -0.03506428748369217,
        -0.049840547144412994, -0.051253970712423325, 0.06511455029249191,
        -0.0695713609457016, -0.00588688300922513, 0.02181384526193142,
        -0.060171082615852356, 0.00492405379191041, 0.015336831100285053,
        0.00384497526101768, 0.03607705235481262, -0.03021484985947609,
        -0.09640179574489594, -0.01672663725912571, 0.006380243226885796,
        0.04327824339270592, -0.03829982504248619, 0.05034792050719261,
        0.03196440637111664, 0.025660458952188492, 0.06117251515388489,
        -0.0231314767152071, -0.020281225442886353, -0.004785222467035055,
        -0.016583997756242752, 0.00900962669402361, 0.07820116728544235,
        0.03606516122817993, 0.08076046407222748, -0.04012425243854523,
        0.004011776298284531, -0.051672931760549545, -0.10779006779193878,
        -0.06752301752567291, 0.08060255646705627, 0.05041814222931862,
        -0.05958898365497589, -3.979684246508841e-33, 0.01243178453296423,
        0.05873709172010422, 0.02028769627213478, 0.03415931388735771,
        0.00018260060460306704, -0.04722891375422478, 0.013879712671041489,
        0.14818456768989563, 0.10658761858940125, 0.03023495525121689,
        -0.03931077569723129, -0.051789164543151855, 0.05163033679127693,
        0.04493451490998268, -0.055475521832704544, 0.05927831307053566,
        0.10316294431686401, -0.002172054722905159, -0.04321523383259773,
        0.006373092997819185, 0.03921091929078102, -0.002322025131434202,
        -0.10221194475889206, 0.06681220978498459, -0.08823452144861221,
        0.05161966755986214, -0.008892977610230446, -0.0689510777592659,
        -0.006191273219883442, -0.01047565508633852, 0.004197139758616686,
        -0.05367856100201607, -0.020705748349428177, 0.029457619413733482,
        -0.029537787660956383, -0.06276530772447586, 0.04029685631394386,
        -0.04596512392163277, -0.05586891993880272, 0.04745963588356972,
        -0.0032275605481117964, 0.0346493273973465, 0.015145896933972836,
        0.04795147106051445, 0.03592117503285408, 0.06749352067708969,
        -0.043305132538080215, -0.03482966870069504, -0.02923819050192833,
        -0.029662149026989937, 0.04579652100801468, -0.06231658533215523,
        0.02194073237478733, -0.04449458047747612, 0.013689424842596054,
        0.04058707505464554, -0.02390858344733715, 0.0033166254870593548,
        -0.05897911638021469, -0.030698342248797417, 0.01840248517692089,
        -0.038362111896276474, -0.060248780995607376, 0.004569160286337137,
        0.013827680610120296, -0.006853108294308186, -0.0019373195245862007,
        -0.0011185600887984037, 0.06608427315950394, -0.06075602024793625,
        0.11004690825939178, -0.019345033913850784, -0.10987437516450882,
        0.0036376372445374727, -0.06306618452072144, -0.0023150546476244926,
        0.011433761566877365, 0.07805054634809494, 0.03448588028550148,
        0.014002259820699692, -0.04088953137397766, 0.0026333783753216267,
        0.04128660634160042, -0.002539044711738825, -0.07321041822433472,
