{
  "filename": "一年级下册数学人教版电子课本.pdf",
  "totalPages": 109,
  "totalChunks": 1,
  "chunks": [
    {
      "content": "主编：卢江杨刚 副主编：王水春的雪鹤 义务教育较科\" 数学 一年级下册 人民教育出版仕课程钗材研究所 .. 小牛数学课程敦材研究开发中心 人民教育出版社出版 （北京市愕浣区中关村咐入街\"号院l号•••• ,ooom 网址, °'\"'//www饺,.comrn 离峡出版发行集团有限责任公，，，重印 福建行新华书店发行 福建跃华印刷有限责任公司印刷 开本\"'毫米X,00,毫米 ,;,o 印怅？ 字数\"°'oo 沁\"年,0月第l版，\"\"年\"月第l次印刷 印数 ，,-,,e.,oo , SBN m-,-w,-esas,-, 定价：'·\"元 菁作权所有.请勿擅用本书割作各类出饭物.违者必究 如发现印、装质械问髦．影响阅读．．与谔峡出版发行集团什阳责任公司状系潭换 地址，摄州市五一北丹''°号 淘慕大厦 邮编 ， \"仅汾l 屯话，,,,,_,,,,,,,.",
      "metadata": {
        "chunkIndex": 0,
        "source": "一年级下册数学人教版电子课本.pdf",
        "contentCleaned": false,
        "originalLength": 377,
        "cleanedLength": 377,
        "qualityScore": 3
      },
      "embedding": [
        -0.007258695550262928, 0.09587834775447845, 0.0051911454647779465,
        -0.05527762696146965, -0.039344776421785355, 0.02990545518696308,
        -0.011285719461739063, -0.027396664023399353, -0.03085249848663807,
        -0.007210663985460997, 0.14642557501792908, -0.012350291013717651,
        0.0331881158053875, -0.02423694171011448, -0.06553050130605698,
        0.044694945216178894, -0.10849620401859283, 0.06394142657518387,
        -0.00477452389895916, 0.01771872118115425, -0.02458156645298004,
        -0.034041766077280045, 0.022699477151036263, -0.013099092058837414,
        -0.008678282611072063, 0.01212194375693798, -0.039377108216285706,
        0.06429609656333923, 0.04064997658133507, -0.008316353894770145,
        -0.06681939214468002, 0.1565343290567398, -0.002260978100821376,
        0.03526037186384201, 0.06999535113573074, 0.019215356558561325,
        0.050590354949235916, -0.037098757922649384, 0.01247084978967905,
        0.08188898861408234, -0.010586791671812534, -0.05808999389410019,
        0.05042561888694763, 0.009982124902307987, -0.027944739907979965,
        0.0442558117210865, -0.0028972758445888758, 0.031967245042324066,
        -0.09051529318094254, -0.032180819660425186, -0.0037178336642682552,
        -0.030208585783839226, -0.036719825118780136, 0.04270389676094055,
        -0.062515988945961, 0.05388347804546356, -0.06963665038347244,
        -0.040663618594408035, -0.01526019535958767, 0.02416096441447735,
        -0.05651864781975746, 0.09353538602590561, -0.03891325369477272,
        0.0007087019039317966, -0.06900817900896072, -0.05213224142789841,
        -0.01207814272493124, 0.040150340646505356, -0.047415591776371,
        0.004514223895967007, -0.010268873535096645, -0.05948202311992645,
        -0.044984396547079086, -0.010155008174479008, -0.04357908293604851,
        -0.023073626682162285, -0.006615382619202137, 0.045197878032922745,
        -0.06067624315619469, -0.23105350136756897, -0.03867669031023979,
        -0.027159446850419044, 0.04403490573167801, -0.02098473347723484,
        -0.10752180218696594, -0.002101723337545991, -0.07399147003889084,
        -0.07976359128952026, 0.16039779782295227, -0.040449369698762894,
        0.05392322316765785, -0.014437064528465271, -0.07497027516365051,
        0.014374068938195705, 0.003723614616319537, 0.010828893631696701,
        0.0043478491716086864, 0.04913767799735069, -0.019002947956323624,
        0.04489155858755112, -0.015238633379340172, -0.029267219826579094,
        -0.03975590690970421, 0.0019042764324694872, -0.07543804496526718,
        -0.04277346283197403, -0.02608324959874153, -0.01745951920747757,
        0.025530332699418068, -0.0319032147526741, -0.05035465955734253,
        -0.03879835829138756, -0.05095129832625389, -0.07874361425638199,
        -0.010198639705777168, -0.00015051409718580544, -0.019062604755163193,
        -0.07102708518505096, 0.001191565883345902, 0.005874833557754755,
        0.03003564290702343, 0.01321398839354515, -0.10779400914907455,
        -0.0065084840171039104, -0.15192550420761108, -0.06976397335529327,
        0.08874692767858505, -2.1279902601248868e-33, -0.027191495522856712,
        0.04989682883024216, -0.02989201247692108, -0.021524900570511818,
        0.05714874714612961, -0.025240467861294746, -0.007430727127939463,
        0.008417526260018349, -0.03120117075741291, 0.027805283665657043,
        0.004589485470205545, 0.0223858542740345, -0.09694179147481918,
        -0.029501650482416153, -0.018825985491275787, -0.03780023008584976,
        0.02217128686606884, -0.03165746480226517, 0.0500587560236454,
        -0.0455021969974041, 0.04767502471804619, 0.015164858661592007,
        -0.004217883106321096, -0.05041113123297691, 0.004606049042195082,
        0.008460719138383865, 0.02965635620057583, 0.015316049568355083,
        -0.001863450976088643, 0.03218837454915047, 0.060637008398771286,
        -0.041526857763528824, 0.0063329399563372135, -0.03099866397678852,
        -0.01146557554602623, 0.02940439246594906, 0.03264165297150612,
        -0.04212566837668419, 0.019341465085744858, -0.027897465974092484,
        -0.07134680449962616, 0.003175858175382018, 0.07911233603954315,
        0.07113872468471527, -0.0024589193053543568, 0.06486200541257858,
        0.007271013222634792, -0.030936358496546745, 0.08754736185073853,
        -0.006126963067799807, -0.04595254361629486, -0.01121035497635603,
        -0.05784818157553673, 0.02215978130698204, 0.03705613687634468,
        -0.0715106725692749, -0.10352838784456253, 0.07430151849985123,
        -0.061666712164878845, -0.04590344801545143, -0.00777876703068614,
        0.052297357469797134, 0.0068084173835814, -0.0003319227835163474,
        0.028747545555233955, -0.0017626265762373805, -0.060213603079319,
        0.03752501681447029, 0.10594576597213745, -0.0909862145781517,
        -0.0806068703532219, 0.03411507233977318, 0.06142310053110123,
        0.0021445571910589933, 0.015853818506002426, 0.006983356550335884,
        -0.011812830343842506, 0.030014198273420334, 0.05113997682929039,
        -0.08068734407424927, -0.07818356901407242, -0.024590136483311653,
        -0.06459922343492508, 0.038130246102809906, 0.007097106892615557,
        -0.002833740785717964, 0.13501785695552826, 0.02852807007730007,
        0.03576047718524933, 0.029526881873607635, -0.08262307196855545,
        0.011129108257591724, 0.030436957255005836, -0.018963368609547615,
        0.005126505624502897, -4.954911094149474e-33, -0.030125562101602554,
        0.017044920474290848, -0.03781909868121147, 0.036963000893592834,
        0.00843258947134018, -0.025069234892725945, 0.04717901721596718,
        0.0583006851375103, 0.02147224172949791, 0.017941789701581,
        -0.04004163667559624, 0.01283748634159565, -0.05232115834951401,
        -0.04741137474775314, -0.034148234874010086, -0.03236003592610359,
        -0.028760690242052078, 0.07622838020324707, -0.0724932849407196,
        0.03286192566156387, -0.0659482479095459, 0.06821911036968231,
        -0.12929287552833557, 0.051807206124067307, -0.007553411647677422,
        0.04921383038163185, 0.012260133400559425, -0.05973939970135689,
        -0.03846604377031326, 0.09137716144323349, -0.006516654510051012,
        -0.037183728069067, -0.05804365128278732, 0.10120939463376999,
        -0.020615048706531525, -0.05877682939171791, 0.06535162776708603,
        0.050704311579465866, -0.06806190311908722, 0.030343689024448395,
        0.029976990073919296, -0.06734228879213333, 0.05711148679256439,
        0.007655024994164705, -0.028709162026643753, -0.003380784997716546,
        -0.01282547228038311, -0.039309971034526825, -0.002030154224485159,
        0.01948646828532219, 0.025846663862466812, 0.004673690069466829,
        0.011396820656955242, -0.05425580218434334, 0.027488864958286285,
        0.021260006353259087, -0.03137551248073578, -0.06769143790006638,
        -0.08819647133350372, -0.041975077241659164, 0.06949133425951004,
        0.07060187309980392, -0.04339371621608734, 0.03474457189440727,
        0.04561284929513931, -0.009574735537171364, 0.002432590816169977,
        0.030754614621400833, 0.02446681819856167, -0.0632425844669342,
