{
  "filename": "五年级上册英语川教版电子课本.pdf",
  "totalPages": 83,
  "totalChunks": 1,
  "chunks": [
    {
      "content": "特别声明： 本微信公众账号分享的资源版权属于原出版机构或影像公司，本资源为电子载体，传播分享仅限于家庭使用与交流心得、参考和 辅助购买决策，不得以任何理由在商业行为中使用，若喜欢此资源，建议购买实体产品。",
      "metadata": {
        "chunkIndex": 0,
        "source": "五年级上册英语川教版电子课本.pdf",
        "contentCleaned": false,
        "originalLength": 102,
        "cleanedLength": 102,
        "qualityScore": 2
      },
      "embedding": [
        -0.036432184278964996, 0.01989700458943844, -0.013944665901362896,
        -0.05618152767419815, -0.06731036305427551, 0.01636587828397751,
        0.06251569837331772, 0.0014424597611650825, 0.05885758250951767,
        -0.015424068085849285, 0.10559697449207306, -0.015510011464357376,
        0.028085848316550255, -0.033502209931612015, -0.02184506319463253,
        -0.008938039653003216, -0.020251961424946785, 0.05653269216418266,
        -0.040502507239580154, -0.03353916481137276, -0.013711951673030853,
        0.026658551767468452, 0.017078813165426254, 0.008227855898439884,
        -0.04175000265240669, -0.016726670786738396, -0.001468615373596549,
        -0.01922307163476944, 0.052928049117326736, 0.004765366204082966,
        -0.044973988085985184, 0.08615685254335403, 0.02015189826488495,
        0.014476287178695202, 0.03158413991332054, 0.1137266457080841,
        -0.03971293941140175, -0.07412131875753403, 0.078175388276577,
        0.03474784269928932, -0.015367347747087479, -0.09106692671775818,
        0.03154745697975159, -0.07531565427780151, 0.03594893589615822,
        -0.013676401227712631, -0.0542861633002758, -0.004684990271925926,
        -0.011182073503732681, -0.050484657287597656, -0.05651361867785454,
        -0.05756122246384621, 0.006982031743973494, 0.014846892096102238,
        -0.020368466153740883, 0.016815362498164177, -0.09060906618833542,
        -0.05888241156935692, 0.0021757083013653755, 0.05508115515112877,
        -0.08763064444065094, 0.04314466938376427, 0.05572684109210968,
        0.02182210236787796, -0.04441501200199127, -0.021413205191493034,
        -0.04040874168276787, 0.03222174197435379, -0.0739571675658226,
        0.025011232122778893, -0.00312320445664227, -0.09782395511865616,
        -0.0009501436725258827, -0.04843907430768013, -0.07917008548974991,
        -0.02594645507633686, -0.017249273136258125, -0.008144826628267765,
        0.01381662581115961, -0.11227250099182129, -0.02523570880293846,
        0.03147871047258377, 0.014286399818956852, 0.0657150149345398,
        -0.10806988179683685, 0.04198303818702698, -0.06536858528852463,
        0.039615944027900696, 0.08563879877328873, 0.023657504469156265,
        0.019764233380556107, -0.02826422080397606, -0.010320042259991169,
        0.0328877829015255, -0.06125250458717346, 0.025884393602609634,
        -0.021152831614017487, 0.018952256068587303, -0.05989276245236397,
        -0.05785540118813515, 0.013140220195055008, 0.0048460401594638824,
        0.029132764786481857, 0.0006987039232626557, -0.0998094230890274,
        -0.06183851510286331, -0.03314068168401718, -0.026416031643748283,
        0.08080065250396729, 0.024423565715551376, -0.0595053993165493,
        -0.017581244930624962, -0.08760972321033478, -0.09581759572029114,
        0.025199957191944122, 0.04168254882097244, -0.07616090029478073,
        -0.04201854392886162, -0.016257766634225845, -0.00030575806158594787,
        0.01872672326862812, 0.04805223271250725, -0.1055455282330513,
        -0.07944820821285248, -0.14817051589488983, -0.05561991035938263,
        0.0523928627371788, 6.2989445189148e-33, -0.03749561309814453,
        0.10859769582748413, 0.002058606129139662, -0.007771385367959738,
        -0.04012720659375191, -0.0021366893779486418, 0.02020217850804329,
        -0.008395407348871231, -0.04359337314963341, 0.08244311809539795,
        -0.03478000685572624, 0.10854530334472656, -0.10328424721956253,
        0.02393057383596897, -0.08073920756578445, -0.03533562272787094,
        -0.011333703063428402, -0.04345697537064552, 0.13852299749851227,
        -0.023632146418094635, -0.028594117611646652, -0.039737869054079056,
        -0.05543165281414986, 0.028313376009464264, 0.04993850737810135,
        -0.002984435996040702, 0.020822972059249878, -0.051325008273124695,
        -0.045856133103370667, 0.04684218019247055, 0.06896376609802246,
        0.007754079066216946, -0.03631855174899101, -0.02342548593878746,
        -0.018375281244516373, -0.026836039498448372, -0.05025128275156021,
        -0.009422417730093002, 0.02297797240316868, -0.0042447177693247795,
        -0.014235047623515129, -0.029237937182188034, -0.029774513095617294,
        -0.02464922145009041, -0.004675521980971098, 0.07542137801647186,
        -0.011656727641820908, -0.0740768313407898, 0.13415072858333588,
        -0.016328269615769386, -0.0340108796954155, -0.01688104309141636,
        0.05492604896426201, 0.0033994221594184637, 0.10788693279027939,
        -0.0555434487760067, -0.022547565400600433, 0.05058819800615311,
        -0.0660884752869606, -0.03459436818957329, -0.08632206171751022,
        -0.07026422023773193, -0.0753985121846199, 0.038078296929597855,
        -0.011414891108870506, -0.05163801461458206, -0.10895257443189621,
        -0.05721137672662735, 0.008908156305551529, -0.07653594017028809,
        -0.04704008251428604, 0.025513920933008194, 0.007438622415065765,
        0.006354594137519598, -0.08385198563337326, -0.04729866608977318,
        -0.07579898089170456, 0.05343380197882652, -0.00038657872937619686,
        -0.028368128463625908, -0.03271966055035591, -0.013383897952735424,
        -0.0760124996304512, 0.013161354698240757, 0.07623176276683807,
        0.11070375144481659, 0.07615134119987488, 0.02476925402879715,
        -0.034307811409235, 0.04903630167245865, -0.12469293922185898,
        -0.014839365147054195, 0.006335915997624397, 0.08256056159734726,
        -0.0032327754888683558, -1.5265351675442243e-32, -0.006973041221499443,
        0.05303138121962547, -0.056133661419153214, 0.0014145034365355968,
        -0.017451252788305283, -0.0015129311941564083, 0.05210716649889946,
        0.02971099130809307, 0.05393894761800766, 0.08093170076608658,
        -0.010936175473034382, 0.004765868186950684, -0.02260890230536461,
        -0.0032780873589217663, -0.048746347427368164, -0.01273756381124258,
        -0.06820999830961227, 0.03800719231367111, -0.060880113393068314,
        0.0032364760991185904, 0.00236120936460793, -0.026401463896036148,
        -0.06366178393363953, 0.04989466816186905, -0.036763641983270645,
        0.053087688982486725, 0.017697859555482864, -0.06954915821552277,
        -0.02099519409239292, 0.013845755718648434, -0.0020513017661869526,
        0.001417671563103795, -0.05480125918984413, 0.18822365999221802,
        -0.04156344756484032, -0.08722497522830963, 0.0863221064209938,
        -0.038703493773937225, -0.023406337946653366, -0.005313423462212086,
        0.04000018537044525, -0.002816211199387908, 0.07500176131725311,
        -0.034888751804828644, -0.02252856083214283, -0.035655368119478226,
        -0.0034691081382334232, -0.09739170223474503, -0.02745751105248928,
        -0.025551052764058113, -0.01607467234134674, 0.004810274112969637,
        -0.023909902200102806, -0.0995824933052063, -0.03932875022292137,
        0.0025936111342161894, -0.022882793098688126, -0.061945732682943344,
        0.006555899046361446, -0.0691366046667099, 0.054536957293748856,
        0.01933000609278679, 0.04704611375927925, 0.09475133568048477,
        -0.02515375055372715, 0.010706226341426373, 0.0022851848043501377,
        0.01308023277670145, 0.025776540860533714, -0.02332436665892601,
        -0.008260409347712994, 0.03761662170290947, 0.059820037335157394,
        -0.0042756772600114346, -0.04387363791465759, 0.02958783693611622,
        -0.060666341334581375, -0.053605638444423676, -0.011357382871210575,
