{
  "filename": "三年级下册数学人教版电子课本.pdf",
  "totalPages": 119,
  "totalChunks": 1,
  "chunks": [
    {
      "content": "义务教育教科书 SHUXUE 三年级下册",
      "metadata": {
        "chunkIndex": 0,
        "source": "三年级下册数学人教版电子课本.pdf",
        "contentCleaned": false,
        "originalLength": 20,
        "cleanedLength": 20,
        "qualityScore": 3
      },
      "embedding": [
        0.003571759909391403, 0.10568049550056458, 0.08349127322435379,
        0.028938472270965576, -0.006374686025083065, 0.0684032067656517,
        0.07007773220539093, 0.016632497310638428, 0.00611391244456172,
        -0.06095875799655914, 0.1524256467819214, -0.13934244215488434,
        0.07951299101114273, -0.055705033242702484, -0.016355054453015327,
        -0.04973315820097923, -0.0926455408334732, 0.06488650292158127,
        0.016764342784881592, -0.02151777595281601, 0.057675980031490326,
        -0.036600034683942795, -0.02069174125790596, 0.07719915360212326,
        -0.06953122466802597, 0.023603815585374832, -0.043603040277957916,
        -0.018930913880467415, 0.04435546323657036, 0.06145501136779785,
        -0.022869020700454712, 0.12107512354850769, 0.05395074933767319,
        -0.037819597870111465, 0.02952554263174534, 0.03860817477107048,
        -0.029570601880550385, 0.02141927182674408, -0.04605992138385773,
        0.08759988844394684, -0.09746233373880386, -0.053465817123651505,
        0.05163886770606041, -0.09672150015830994, 0.021990951150655746,
        0.0022402568720281124, -0.029641803354024887, -0.02461421489715576,
        0.014508914202451706, 0.024825075641274452, -0.06965047866106033,
        -0.002390441717579961, -0.0005940650589764118, 0.03306277468800545,
        -0.02199983224272728, -0.01334476936608553, -0.03735627233982086,
        -0.08037713915109634, 0.035461463034152985, -0.015273605473339558,
        -0.04224048927426338, 0.017291875556111336, 0.01253209076821804,
        0.0028507679235190153, -0.06410474330186844, -0.005701063200831413,
        0.05279418081045151, -0.04621119424700737, 0.006962895859032869,
        0.07086220383644104, 0.027370568364858627, -0.014522918500006199,
        0.008759795688092709, 0.023167449980974197, -0.046646423637866974,
        -0.04830154404044151, 0.039633963257074356, -0.027052806690335274,
        -0.03763553127646446, -0.08231199532747269, -0.039428986608982086,
        0.0019776560366153717, 0.020496422424912453, -0.020083697512745857,
        -0.059879448264837265, 0.05515632778406143, -0.1396259367465973,
        -0.01378877367824316, -0.0538303405046463, -0.0075957681983709335,
        0.02610991895198822, 0.015003644861280918, 0.014055504463613033,
        0.06283678859472275, -0.02512427046895027, -0.023490043357014656,
        0.020187746733427048, -0.01561658177524805, -0.054288700222969055,
        0.03376572206616402, 0.04878516495227814, 0.07642821222543716,
        0.03224307671189308, 0.037024207413196564, -0.028170054778456688,
        -0.07691644132137299, 0.02063019573688507, -0.04979648441076279,
        -0.06723947823047638, 0.04358084127306938, -0.0427393913269043,
        -0.05390988290309906, -0.06308964639902115, -0.10942145437002182,
        0.017980163916945457, 0.023506280034780502, 0.03130333125591278,
        -0.031913142651319504, -0.048811715096235275, 0.03195179998874664,
        0.062402255833148956, -0.006857446860522032, -0.08517031371593475,
        -0.06801481544971466, -0.0289325974881649, -0.06273437291383743,
        0.09957762062549591, 1.4801922211180172e-33, -0.006866638548672199,
        -0.03145333006978035, -0.00596760306507349, -0.0850338339805603,
        -0.06840040534734726, 0.004549978766590357, -0.020005308091640472,
        -0.0037037336733192205, -0.06559624522924423, -0.02352454513311386,
        0.024483539164066315, -0.02589687705039978, -0.06350257247686386,
        -0.0900750458240509, 0.03579960763454437, -0.01903899386525154,
        -0.06156487017869949, -0.04025385156273842, 0.10377568751573563,
        -0.004542904905974865, 0.046895310282707214, -0.09905477613210678,
        0.0007313801324926317, -0.005989629775285721, 0.02661050111055374,
        -0.055470060557127, 0.009763875976204872, -0.0074343131855130196,
        -0.037114351987838745, 0.04251239448785782, 0.08607553690671921,
        -0.004065181128680706, -0.03546164929866791, -0.056197747588157654,
        -0.01958974450826645, -0.002375347539782524, 0.08337009698152542,
        0.06192357838153839, -0.008636272512376308, 0.04105954244732857,
        -0.015627441927790642, -0.030895264819264412, -0.02736911177635193,
        -0.041653577238321304, 0.11069785058498383, 0.05528533086180687,
        0.04004301503300667, -0.004247633274644613, 0.06428924202919006,
        -0.01035781018435955, 0.017902545630931854, -0.012194709852337837,
        -0.09638240933418274, 0.07228521257638931, 0.057317059487104416,
        -0.050556816160678864, -0.03141210600733757, -0.021712157875299454,
        -0.0980030745267868, -0.013068268075585365, 0.09306397289037704,
        -0.05546528100967407, -0.013455746695399284, 0.07647912204265594,
        -0.06321077048778534, -0.009778346866369247, 0.012601757422089577,
        0.012299149297177792, 0.03292829915881157, -0.034087616950273514,
        -0.1185859814286232, 0.0055226110853254795, 0.02177659422159195,
        0.03836926072835922, -0.05945360288023949, 0.03655775263905525,
        -0.005702407564967871, 0.024087686091661453, 0.07723595201969147,
        -0.011568853631615639, -0.009246609173715115, -0.018356744199991226,
        0.03182363882660866, 0.04427332431077957, 0.06894464790821075,
        0.059678610414266586, 0.08389060944318771, -0.006662788335233927,
        0.001978650689125061, -0.04451761394739151, -0.07550856471061707,
        -0.03550880774855614, 0.07976959645748138, 0.06053806096315384,
        -0.04856647923588753, -3.615633278717194e-33, 0.007587200030684471,
        0.03797851502895355, 0.04717691242694855, 0.01385502889752388,
        -0.04029710590839386, -0.015828248113393784, -0.0007395551074296236,
        0.12051458656787872, 0.051315296441316605, 0.018997039645910263,
        -0.028489459306001663, -0.06071425601840019, 0.04637331888079643,
        -0.0010176091454923153, -0.06292299181222916, 0.05574488267302513,
        0.053282927721738815, 0.010315044783055782, -0.058143310248851776,
        -0.009562020190060139, 0.045323461294174194, 0.006649249233305454,
        -0.07945358008146286, 0.035121627151966095, -0.06629543751478195,
        0.03718183562159538, 0.022680221125483513, -0.04739203304052353,
        -0.029958460479974747, 0.034511275589466095, 0.010644316673278809,
        -0.06605958193540573, -0.010102132335305214, -0.016975367441773415,
        -0.01734096184372902, -0.06527112424373627, 0.01774703897535801,
        -0.04382612556219101, -0.02518005669116974, 0.03722912818193436,
        -0.04758378863334656, 0.023181859403848648, 0.04389995336532593,
        0.044907405972480774, 0.044966522604227066, 0.09440799802541733,
        -0.02698022685945034, -0.056964412331581116, 0.00007905310485512018,
        -0.0331605039536953, 0.033026352524757385, -0.08948986232280731,
        0.0014636913547292352, -0.01925637573003769, 0.033804893493652344,
        0.015594745054841042, -0.044236015528440475, 0.008923843502998352,
        -0.04041597247123718, -0.04939132183790207, 0.012041476555168629,
        -0.050624504685401917, -0.03775821253657341, 0.015121477656066418,
        0.0004979265504516661, -0.014533613808453083, 0.04883426055312157,
        0.011368034407496452, 0.08497460186481476, -0.024025291204452515,
        0.11107086390256882, 0.013104765675961971, -0.08244284242391586,
        0.021602585911750793, -0.1007319986820221, -0.007609991356730461,
        0.008341068401932716, 0.08152975887060165, 0.038560766726732254,
        0.026151517406105995, -0.010322244837880135, 0.030676383525133133,
        0.02478865347802639, 0.00037472479743883014, -0.07097271829843521,
