{
  "filename": "四年级上册数学人教版电子课本.pdf",
  "totalPages": 125,
  "totalChunks": 1,
  "chunks": [
    {
      "content": "四年级 上 册 \\\"\\ / 1111.11111111111111111",
      "metadata": {
        "chunkIndex": 0,
        "source": "四年级上册数学人教版电子课本.pdf",
        "contentCleaned": false,
        "originalLength": 36,
        "cleanedLength": 36,
        "qualityScore": 3
      },
      "embedding": [
        -0.026565920561552048, 0.12120215594768524, 0.033081840723752975,
        -0.025010574609041214, -0.08000868558883667, 0.06776240468025208,
        -0.035902705043554306, -0.008272519335150719, 0.005315717775374651,
        -0.07880333811044693, 0.06830090284347534, -0.1029534563422203,
        0.03555796667933464, -0.0243736170232296, -0.07670162618160248,
        -0.006967454217374325, -0.08035488426685333, -0.026839537546038628,
        0.03391142934560776, -0.03859233856201172, -0.015398954041302204,
        -0.020347287878394127, 0.04783610627055168, 0.06186546012759209,
        -0.02946457639336586, -0.02834492363035679, -0.07466977834701538,
        0.02839529886841774, 0.05047120153903961, 0.037543099373579025,
        0.028947025537490845, 0.09097786992788315, 0.11904460191726685,
        0.0037976838648319244, 0.04151720181107521, 0.02128472737967968,
        0.007483553607016802, -0.01013862993568182, 0.0047108992002904415,
        0.04958057776093483, -0.06159399449825287, -0.08738906681537628,
        0.08479630202054977, -0.05600370094180107, 0.004346939735114574,
        0.002822963520884514, 0.041181642562150955, 0.03934246301651001,
        -0.017948854714632034, 0.03461126610636711, -0.005197939462959766,
        -0.028195025399327278, -0.020182259380817413, 0.01637454517185688,
        0.035598576068878174, 0.027507837861776352, -0.009046136401593685,
        -0.09948279708623886, 0.010373933240771294, 0.012399286963045597,
        0.0350322462618351, 0.06781158596277237, -0.01501033827662468,
        -0.025389356538653374, -0.04883651062846184, 0.026619186624884605,
        0.010563577525317669, -0.04525601118803024, -0.027534974738955498,
        0.002546600066125393, 0.08138091117143631, -0.02806793712079525,
        0.05262947455048561, 0.021649209782481194, -0.061516519635915756,
        -0.04439660161733627, -0.02047373540699482, -0.04224011301994324,
        0.007054439280182123, -0.07122904062271118, 0.009083651006221771,
        -0.026182621717453003, 0.029155034571886063, 0.03596002608537674,
        -0.038797516375780106, 0.03300173208117485, -0.04824106767773628,
        -0.014184433035552502, -0.03708290681242943, 0.001649379264563322,
        -0.022687839344143867, 0.04417993500828743, 0.04610402509570122,
        0.05574134364724159, -0.07427158206701279, 0.027795907109975815,
        0.08104578405618668, -0.0948740765452385, -0.0005143155576661229,
        0.062101345509290695, 0.032018788158893585, 0.032430365681648254,
        -0.026596831157803535, 0.04552210122346878, -0.08271920680999756,
        -0.029335614293813705, 0.02167551778256893, -0.010022004134953022,
        -0.04206046834588051, 0.01443078089505434, 0.0061083706095814705,
        -0.08480116724967957, -0.06620801240205765, -0.016302458941936493,
        -0.004726971499621868, -0.028226004913449287, 0.05174156278371811,
        -0.0726054459810257, -0.058370545506477356, 0.030152136459946632,
        0.03570616617798805, -0.02623148076236248, 0.018899552524089813,
        -0.005595679860562086, -0.08051987737417221, 0.04661965370178223,
        0.12083292752504349, 7.796148531012115e-34, 0.060004379600286484,
        0.0779266431927681, 0.021863535046577454, -0.0034549266565591097,
        -0.019158655777573586, -0.034436535090208054, -0.06125705689191818,
        0.031004678457975388, -0.10139960050582886, -0.010311931371688843,
        -0.05195814371109009, 0.046937163919210434, -0.038509875535964966,
        -0.0013926110696047544, 0.026011211797595024, -0.044059716165065765,
        0.04628501832485199, -0.015593876130878925, 0.04964150860905647,
        -0.008495577611029148, 0.0051115332171320915, -0.02392435073852539,
        -0.02111985720694065, 0.03300919383764267, 0.05568559467792511,
        -0.00981344934552908, 0.0088121946901083, -0.02507101744413376,
        -0.037565138190984726, 0.026641104370355606, 0.044971659779548645,
        -0.05817296355962753, -0.01121582929044962, -0.06557302176952362,
        -0.02814166061580181, 0.002700404031202197, 0.09337347000837326,
        0.05768405646085739, 0.07547708600759506, 0.08527179062366486,
        -0.017210206016898155, -0.07792685180902481, 0.031222641468048096,
        0.0036525281611829996, 0.07582108676433563, -0.017803307622671127,
        0.05280335247516632, -0.033331386744976044, 0.0404486283659935,
        -0.006692066323012114, -0.048017796128988266, 0.03298395499587059,
        -0.06980285048484802, 0.002570390934124589, 0.014837417751550674,
        -0.07588297128677368, -0.05167895555496216, 0.02066369168460369,
        -0.03311217203736305, -0.031005144119262695, 0.14987605810165405,
        0.004434339702129364, -0.03927302733063698, 0.06392479687929153,
        0.00815036240965128, -0.013789371587336063, -0.004516550339758396,
        -0.017746105790138245, 0.06256460398435593, -0.01325385645031929,
        -0.09195605665445328, -0.01064225286245346, 0.10920451581478119,
        -0.01728679984807968, -0.0012603247305378318, 0.025971509516239166,
        0.018549097701907158, -0.055123746395111084, 0.009800140745937824,
        0.08748577535152435, 0.010174301452934742, -0.01930193416774273,
        0.01691095344722271, 0.009674068540334702, 0.07819301635026932,
        0.013209398835897446, 0.05181827023625374, -0.05630263686180115,
        0.049309998750686646, -0.029100479558110237, -0.0774836391210556,
        -0.09984530508518219, 0.07165534049272537, -0.01495525985956192,
        -0.020735329017043114, -2.4777712775105282e-33, 0.027222715318202972,
        0.03966597095131874, -0.08965359628200531, -0.03216378390789032,
        -0.05965632572770119, -0.06260358542203903, -0.031472500413656235,
        0.13846944272518158, -0.051235321909189224, 0.016233064234256744,
        0.019123323261737823, -0.010702721774578094, 0.05106116458773613,
        0.04084878787398338, 0.0030667150858789682, 0.056892696768045425,
        -0.047741904854774475, -0.0020637402776628733, -0.06245192885398865,
        -0.037686314433813095, 0.0039738258346915245, -0.018968695774674416,
        -0.10638928413391113, 0.02120361663401127, -0.03582199290394783,
        0.03214535489678383, 0.07601290941238403, -0.09577628970146179,
        -0.000160754905664362, 0.04709022492170334, -0.025209762156009674,
        -0.11947759240865707, 0.050987400114536285, 0.02295970544219017,
        -0.07301248610019684, -0.08166893571615219, 0.05373314023017883,
        -0.10780949145555496, -0.03207703307271004, -0.009620106779038906,
        0.024595458060503006, 0.007729202508926392, 0.03033798187971115,
        0.06217162683606148, 0.027427183464169502, 0.0021205125376582146,
        -0.05648265779018402, 0.03337429463863373, 0.025894463062286377,
        -0.04155176877975464, 0.04457106068730354, -0.04852617159485817,
        0.022336311638355255, 0.023601941764354706, 0.0004983204999007285,
        0.04242800921201706, -0.00869033019989729, 0.03609335049986839,
        -0.053525909781455994, -0.04398404434323311, -0.0431000180542469,
        -0.06341392546892166, 0.024052366614341736, 0.05346904322504997,
        0.050785571336746216, -0.038645241409540176, -0.01761408895254135,
        -0.014591806568205357, -0.06810318678617477, -0.043663881719112396,
        0.07037241011857986, -0.049535416066646576, -0.06514529883861542,
        0.015431820414960384, -0.020656466484069824, -0.006113335024565458,
        0.040091726928949356, 0.06463629752397537, 0.031621962785720825,
        0.025044454261660576, -0.031401753425598145, 0.0176908690482378,
